pignum,time,treatment,set,formate,acetate,propionate,isobutyrate,butyrate,isovalerate,valerate,caproate,oxalate,phenylacetate,succinate,fumarate,lactate,total
87,0,control,0_control,1.85541,59.27691,21.771810000000002,4.09173,12.9651,4.97448,3.1344600000000002,0.15127000000000007,0,1.35216,1.14276,0.26508,1.91457,112.89574
122,0,control,0_control,0,64.0605,28.593239999999998,4.84779,26.70801,7.105409999999999,10.74273,1.43647,0,1.73835,1.5168599999999999,0.20171999999999998,0.6114299999999999,147.56251
160,0,control,0_control,1.45851,37.47024,16.75104,2.68188,5.92302,3.19953,1.8971400000000003,0.4622199999999999,0,0.87564,0.9036299999999999,0.18764999999999998,0.54354,72.35404
191,0,control,0_control,1.5087899999999999,48.32964,19.58148,2.90241,10.50876,3.80511,3.6742800000000004,0.94567,0,1.1219100000000002,0.9856800000000001,0.2367,0.30413999999999997,93.90456999999999
224,0,control,0_control,1.5958199999999998,50.42892,17.32578,3.3599099999999997,9.79686,4.4559299999999995,2.56527,0.07831000000000005,0,1.18875,0.87807,0.2511,0.7644299999999999,92.68915
337,0,control,0_control,1.25358,45.40155,16.659509999999997,3.2990399999999998,8.64873,4.73832,3.74991,1.00441,0,1.4476499999999999,1.18371,0.21459,1.2501,88.8511
419,0,control,0_control,3.0429899999999996,49.14537000000001,16.936889999999998,2.54418,6.651060000000001,2.5581,2.07903,0.3632800000000001,0,0.73575,0.60453,0.43743,0.9279599999999999,86.02657
458,0,control,0_control,1.5273299999999999,64.48245000000001,21.20103,3.6736500000000003,11.88396,4.64823,2.7858300000000003,0.7175499999999999,0,1.15116,0.9757499999999999,0.19161,0.61485,113.85340000000001
93,0,RPS,0_RPS,1.41807,81.59778000000001,41.492940000000004,3.7191,27.82935,4.40745,8.90157,1.04818,0,1.00851,1.6047599999999997,0.28833,1.49484,174.81088000000003
97,0,RPS,0_RPS,1.47969,94.19007,44.5833,6.258419999999999,26.278800000000004,9.78378,14.698229999999999,4.3381300000000005,0,2.22684,1.1144100000000001,0.31827,0,205.26994000000002
181,0,RPS,0_RPS,1.7860800000000001,68.63931000000001,30.250950000000003,3.05973,14.2548,3.46617,5.4558,1.42057,0,0.8936999999999999,0.534,0.29169,1.63167,131.68447
244,0,RPS,0_RPS,1.77219,66.01962,26.06247,3.3994500000000003,8.638169999999999,3.9457199999999997,4.46286,0.8831799999999999,0.31389,1.02864,1.9846499999999998,0.35928000000000004,0.6433800000000001,119.51350000000001
321,0,RPS,0_RPS,1.95831,69.12267000000001,32.02302,4.23348,13.009739999999999,5.28972,6.51684,1.45099,0,1.32432,1.45923,0.28896,0.71676,137.39404000000002
355,0,RPS,0_RPS,1.9514399999999998,62.620529999999995,18.802500000000002,3.8497199999999996,10.92273,4.24266,2.72049,0.5511699999999999,0,1.17489,0.6785100000000001,0.27576,1.2920099999999999,109.08241
373,0,RPS,0_RPS,1.87113,84.33,35.97822,2.46441,18.67623,2.24979,7.72473,2.1835,0,0.63594,1.17978,0.23981999999999998,0.58488,158.11843
392,0,RPS,0_RPS,2.32188,69.74046,25.67508,2.46528,10.557269999999999,2.64822,3.75042,0.7197100000000001,0,0.7263900000000001,1.0583099999999999,0.23826000000000003,0.5568,120.45808
26,0,Acid,0_Acid,2.1939599999999997,65.23668,23.71512,2.89116,17.93949,2.667,2.35815,0.44259999999999994,0,0.7742100000000001,0.50796,0.2604,1.2000899999999999,120.18682000000001
52,0,Acid,0_Acid,1.9850999999999999,71.7381,28.931369999999998,1.9880999999999998,11.3373,1.82877,4.05834,0.13786000000000004,0,0.43920000000000003,1.41522,0,1.1695799999999998,125.02894
152,0,Acid,0_Acid,0,71.83494,29.862120000000004,3.0429600000000003,11.00934,2.69358,2.20002,0.0023800000000000487,0,0.73995,0.82164,0.21732,1.53147,123.95572000000001
178,0,Acid,0_Acid,1.62447,46.03404,17.20512,2.97936,7.8073500000000005,3.2469900000000003,2.7879899999999997,0.43633000000000005,0,0.89124,0.48978,0.20766,0.61497,84.3253
211,0,Acid,0_Acid,1.95522,71.00067000000001,34.5759,4.0545,16.113329999999998,5.39589,7.448040000000001,1.41187,0,1.25922,0.8869500000000001,0.19575,0.5151600000000001,144.8125
348,0,Acid,0_Acid,0,49.181670000000004,22.77582,2.70822,11.39538,3.7342199999999997,3.1466700000000003,0,0,0.93225,0.97296,0.21444000000000002,0,95.06163000000001
378,0,Acid,0_Acid,1.8918599999999999,82.37949,50.06694,4.49169,30.277950000000004,6.3978,12.71409,3.47554,0,1.56819,1.39659,0.17922,0.33567,195.17503000000002
426,0,Acid,0_Acid,2.38596,77.85090000000001,38.017649999999996,3.20154,20.60472,3.8448,6.7248,1.33543,0,0.99423,1.15629,0.17277,0,156.28909000000002
74,0,Zn+Cu,0_Zn+Cu,1.43676,72.72012000000001,33.17523,5.09994,21.63843,6.8672699999999995,5.03991,1.52053,0,1.72746,1.17651,0,0.82728,151.22944
83,0,Zn+Cu,0_Zn+Cu,1.01478,39.729839999999996,21.42591,3.30009,10.29237,4.4109300000000005,4.233779999999999,0.26254000000000005,0,1.1875200000000001,0.85677,0.17643,0,86.89095999999999
219,0,Zn+Cu,0_Zn+Cu,1.40061,64.866,30.964740000000003,2.43555,22.91169,2.15985,6.67971,0.34138000000000007,0,0.5517299999999999,1.00431,0.18669,0.82782,134.33008
265,0,Zn+Cu,0_Zn+Cu,1.14963,82.18323000000001,39.35418,4.31685,19.7883,5.63025,7.59318,1.91662,0,1.42542,1.33929,0.2727,1.45275,166.4224
295,0,Zn+Cu,0_Zn+Cu,1.58433,63.168569999999995,21.01071,2.98191,10.66968,2.81385,2.8445400000000003,0.5099800000000001,0,0.77136,0.57789,0.15684,0.97149,108.06115
326,0,Zn+Cu,0_Zn+Cu,0,59.59605,18.29085,3.05268,12.017790000000002,3.6936299999999997,2.8422,0.74716,0,0.98688,0.83388,0,1.37703,103.43815
422,0,Zn+Cu,0_Zn+Cu,1.7223000000000002,73.20636,29.316899999999997,3.3707700000000003,13.452929999999999,3.91737,4.43919,0.2836600000000001,0,1.0426799999999998,1.6821300000000001,0,2.1707099999999997,134.605
432,0,Zn+Cu,0_Zn+Cu,1.72176,72.10656000000002,30.690929999999998,3.6182700000000003,16.2738,4.58925,3.36981,1.1569,0,1.13577,1.22718,0.22281,1.94067,138.05371000000002
450,0,Zn+Cu,0_Zn+Cu,2.04072,74.99430000000001,30.25515,2.1969,14.15955,2.0068799999999998,4.04559,0.35923,0,0.5229900000000001,1.45293,0,4.7952,136.82944
472,0,Zn+Cu,0_Zn+Cu,3.1031400000000002,62.65932,27.30048,2.16648,11.62533,2.0967599999999997,2.77785,0.6323799999999999,0,0.5986199999999999,1.0814400000000002,0.22407000000000002,0.9157200000000001,115.18159
22,0,RCS,0_RCS,1.8239100000000001,61.366620000000005,21.99378,2.09748,13.131810000000002,2.1930300000000003,4.75599,1.99003,0,0.53616,1.4158499999999998,0.19896000000000003,5.3562,116.85982000000001
43,0,RCS,0_RCS,2.22399,77.49774000000001,33.09534,3.6926099999999997,19.818450000000002,4.55949,7.023390000000001,2.14225,0,1.1419199999999998,0.8731200000000001,0.23241,1.77717,154.07788000000002
65,0,RCS,0_RCS,0,63.572700000000005,23.88957,2.99943,13.78278,3.3533999999999997,5.17638,1.22986,0,0.8768099999999999,0.53826,0.23310000000000003,0.64374,116.29603
119,0,RCS,0_RCS,1.13025,52.84725,18.35142,2.7879899999999997,12.264690000000002,3.5187,3.9702900000000003,1.4398900000000001,0,0.97611,0.44139000000000006,0,0.70773,98.43571
138,0,RCS,0_RCS,1.50456,74.37918,30.10884,3.76335,17.24904,4.0331399999999995,5.202450000000001,0.8766699999999998,0,1.14486,0.7051799999999999,0.20796000000000003,0.6488700000000001,139.82410000000002
175,0,RCS,0_RCS,1.85847,71.38296000000001,28.68297,3.9050399999999996,15.628440000000001,4.7118,5.051069999999999,1.65952,0,1.24566,1.21314,0.23564999999999997,0.5382,136.11292
198,0,RCS,0_RCS,2.60631,68.01228,20.40081,2.1667199999999998,12.899550000000001,1.9745700000000002,2.0418,0.35701,0,0.60573,0.9721500000000001,0.19197000000000003,0.49859999999999993,112.7275
397,0,RCS,0_RCS,1.49295,51.085049999999995,23.856,2.8872299999999997,11.7696,3.4791,4.55514,1.1641599999999999,0,0.88602,0.7479600000000001,0,0,101.92321
453,0,RCS,0_RCS,1.7271300000000003,64.63593,25.99281,2.4510300000000003,11.72169,2.60187,3.57024,1.07233,0,0.6966,1.9434,0.2223,6.68448,123.31981
469,0,RCS,0_RCS,1.8489300000000002,90.77682000000001,41.64099,2.90745,23.847810000000003,3.14985,6.3958200000000005,1.8739,0,0.78519,1.7659799999999999,0,1.76001,176.75275000000002
6,0,Bglu,0_Bglu,0,68.45259,31.26123,1.47045,14.746590000000001,1.23189,4.13532,0.67204,0,0.35205,1.2339,0,1.18008,124.73614
144,0,Bglu,0_Bglu,1.3892099999999998,72.94407000000001,28.442370000000004,4.63389,17.66523,6.63411,4.8807599999999995,1.6580500000000002,0,1.72542,1.18029,0.25400999999999996,0.99765,142.40506000000002
228,0,Bglu,0_Bglu,1.26834,81.10443000000001,30.91044,3.95907,14.75535,4.306559999999999,5.51178,0.9204999999999999,0,1.11117,2.16387,0.20544,7.12422,153.34117
240,0,Bglu,0_Bglu,1.33761,68.32842000000001,29.38629,4.97838,16.006349999999998,8.73105,8.765699999999999,3.26056,0,2.19105,1.6675200000000001,0.31914,0,144.97207
253,0,Bglu,0_Bglu,2.02608,66.70056000000001,33.24156,1.43766,18.55845,1.35234,6.330120000000001,0.7650399999999999,0,0.36285,1.39734,0.17583000000000001,0.5250600000000001,132.87289
461,0,Bglu,0_Bglu,0,57.882,29.113260000000004,3.50652,13.612289999999998,4.45812,5.76609,1.15021,0,1.15977,1.77372,0.28224,1.5516,120.25582
8,0,Bglu,0_Bglu,1.7273399999999999,48.73527,19.70682,3.2178899999999997,9.6516,4.89642,5.49249,2.13001,0,1.26681,0.40854,0.1875,0.33522,97.75591
141,0,Bglu,0_Bglu,1.39764,64.53024,23.18586,2.45592,14.77647,2.1093900000000003,3.94764,0.23425,0,0.60171,3.2397,0,8.14986,124.62868
226,0,Bglu,0_Bglu,2.1079499999999998,64.81656000000001,29.29656,3.48996,17.09019,4.21368,5.64234,1.34632,0,0.99366,0.9237899999999999,0.29142,0.51291,130.72534000000002
237,0,Bglu,0_Bglu,0,80.26539000000001,34.23039,2.27283,13.559460000000001,1.7151,4.9188,0.2107900000000001,0,0.51666,1.88079,0,0.66435,140.23456000000002
126,0,Acid,0_Acid,0,65.14107,25.72824,2.53983,13.954920000000001,2.7432299999999996,3.96978,1.4599600000000001,0,0.73095,0.61431,0.18105,1.84368,118.90702
361,0,Acid,0_Acid,1.8001800000000001,72.55419,12.740669999999998,0.9871800000000001,2.23902,0.86589,0.49065000000000003,0,0,0.31593,0.54876,0,0.51612,93.05859000000001
50,0,RPS,0_RPS,2.06943,91.0197,40.416180000000004,6.23424,25.151040000000002,9.43695,7.774830000000001,1.97086,0,2.33043,0.55776,0,0.54156,187.50298
77,2,control,2_control,1.64094,52.070609999999995,22.29792,3.14808,12.67692,3.2982899999999997,3.02412,0.78355,0,0.9115500000000001,1.27437,0,0.6885,101.81484999999999
87,2,control,2_control,1.0519500000000002,50.98575,23.351190000000003,4.40493,14.02239,6.13317,6.1184400000000005,0.54619,0,1.57311,0.97527,0.17199,1.85493,111.18931
122,2,control,2_control,1.33998,64.32504000000002,30.72297,3.47004,14.08707,4.0044,6.53484,0.07602999999999999,0,1.35507,1.01232,0.19755,0.6693,127.79461000000002
160,2,control,2_control,1.89249,47.25894,23.30637,3.4673999999999996,10.64019,4.49781,4.18905,0.9520900000000001,0,1.13226,0.31578,0.16614,1.2862500000000001,99.10477
191,2,control,2_control,1.63923,73.38774000000001,31.8189,3.4268099999999997,15.22035,3.8377499999999998,6.12279,1.0543299999999998,0,1.05813,0.44904,0.20742,0.45099,138.67348
224,2,control,2_control,1.5937799999999998,61.15245,24.97413,3.0767100000000003,12.52842,4.5516000000000005,3.3623400000000006,0.28750000000000014,0,1.14012,0.42264,0,1.16109,114.25078
337,2,control,2_control,1.8822900000000002,52.739909999999995,29.3478,2.64834,13.436879999999999,2.11968,4.45899,0.21853000000000006,0,0.57498,0.68217,0.19608,1.33983,109.64547999999999
345,2,control,2_control,1.81386,60.18129,34.04067,1.75593,11.96157,1.43376,5.4448799999999995,0.4615000000000001,0,0.43982999999999994,0.6256200000000001,0.29172,0.44184,118.89246999999999
419,2,control,2_control,1.9122,92.36055,45.70677,5.78892,24.898740000000004,7.85523,10.90536,2.8890700000000002,0,1.8628799999999999,1.4511,0.31542,1.6695,197.61574000000002
458,2,control,2_control,2.133,68.985,23.484630000000003,2.33793,9.857099999999999,2.35617,2.23665,0.46923999999999993,0,0.75264,1.4554200000000002,0,2.93562,117.0034
50,2,RPS,2_RPS,1.67442,75.13587000000001,36.88344,4.91448,29.36967,7.73898,11.35332,2.50123,0,1.8975,1.1595300000000002,0.21855,1.80864,174.65563
93,2,RPS,2_RPS,3.02388,71.715,35.33688,2.74314,19.29261,3.90804,8.77023,1.17211,0,1.0716,2.1756599999999997,0.25827,0.5916600000000001,150.05908
97,2,RPS,2_RPS,1.40961,81.22458,50.33241,2.7678,15.3822,3.2211299999999996,14.73789,1.7210200000000002,0,0.9006299999999999,1.16112,0.34359,2.42016,175.62214
244,2,RPS,2_RPS,1.7891400000000002,72.52653000000001,31.507529999999996,2.98104,8.77608,3.2905500000000005,6.10305,1.33732,0.26249999999999996,0.82839,1.9113,0.3342,2.73924,134.38687000000002
321,2,RPS,2_RPS,1.04952,72.20715,43.44894,3.41883,17.549100000000003,4.58877,12.108329999999999,2.8786000000000005,0,1.1713200000000001,0.5205299999999999,0.26595,3.34155,162.54859
355,2,RPS,2_RPS,1.99017,58.05681,23.1276,2.6277600000000003,7.3890899999999995,2.6570400000000003,3.7268999999999997,0.30121000000000003,0,0.69852,1.5097200000000002,0.27764999999999995,2.11938,104.48185
373,2,RPS,2_RPS,2.23473,85.28136,48.41759999999999,2.33991,24.836759999999998,2.32923,15.89427,1.8712299999999997,0,0.70035,1.31667,0,0.42167999999999994,185.64379
392,2,RPS,2_RPS,1.27746,84.24669000000002,23.45433,3.47508,16.31763,4.4927399999999995,6.10965,2.01943,0,1.22052,2.4254100000000003,0.28781999999999996,5.61309,150.93985
26,2,Acid,2_Acid,1.54638,83.71452000000001,35.89032,5.6580900000000005,38.39823,7.814640000000001,9.606959999999999,3.2254,0,1.9748100000000002,1.03905,0.38634,1.17093,190.42567
52,2,Acid,2_Acid,1.74207,53.80119,31.88241,2.2353300000000003,9.57642,1.60485,6.23466,0.34024000000000004,0,0.4008,0.58638,0.17835,1.01022,109.59291999999999
152,2,Acid,2_Acid,0,58.16931,22.10796,2.28132,12.186119999999999,2.90943,2.6745900000000002,0.0011200000000000654,0.68943,0.9354,0.76695,0.25761,0,102.97924
178,2,Acid,2_Acid,1.73319,70.97016,31.32606,4.46838,16.96248,5.92062,6.383430000000001,1.9713700000000003,0,1.51209,0.63906,0,0.85596,142.74280000000002
211,2,Acid,2_Acid,2.60259,68.92725,30.624000000000002,4.31109,16.895880000000002,4.91637,5.68698,1.1394700000000002,0,1.28292,0.67266,0.30453,0.84294,138.20668
348,2,Acid,2_Acid,0,64.60308,40.69578,1.8059399999999999,13.91244,0.8224800000000001,7.70334,0.17401000000000005,0,0.30894,0.41196,0,0,130.43797
361,2,Acid,2_Acid,0,70.04157000000001,27.499589999999998,5.3232,19.37058,5.55204,7.34367,1.9005999999999998,0,1.5728399999999998,1.36965,0.32106,2.7574199999999998,143.05222
378,2,Acid,2_Acid,1.76064,69.85452000000001,51.2907,1.1118299999999999,17.38251,0.79749,12.155100000000001,0.6987399999999999,0,0.29652,0.8966399999999999,0,0.37341,156.6181
426,2,Acid,2_Acid,1.64838,80.07345000000001,27.507960000000004,4.09158,18.26835,4.45866,6.194789999999999,1.52989,0,1.21863,1.6594799999999998,0.18020999999999998,13.296180000000001,160.12756000000002
74,2,Zn+Cu,2_Zn+Cu,1.68057,67.10328,37.36782,4.74618,28.2684,7.1676,6.96459,1.85026,0,1.88877,1.47366,0,0.5511900000000001,159.06232
83,2,Zn+Cu,2_Zn+Cu,1.2246000000000001,38.16279,16.87269,2.70546,8.06598,2.2745100000000003,2.26659,0.15949000000000008,0,0.71358,0.47691,0.19716,0.33099,73.45075
219,2,Zn+Cu,2_Zn+Cu,0,47.08437,20.463720000000002,2.99427,12.506969999999999,3.66828,4.50129,0.26611,0,1.1541,1.67784,0,6.865259999999999,101.18221
265,2,Zn+Cu,2_Zn+Cu,1.8861,61.43726999999999,29.28705,3.9023699999999995,17.72109,4.66239,6.62373,1.83109,0,1.18254,0.27348,0.22341,0,129.03052
295,2,Zn+Cu,2_Zn+Cu,2.40492,58.42104,24.128190000000004,3.13053,12.381149999999998,2.82036,3.75096,0.5765199999999999,0,0.86928,0.60885,0.23615999999999998,0.9611099999999999,110.28907
326,2,Zn+Cu,2_Zn+Cu,1.6267200000000002,71.62389,35.59455,4.44363,25.0497,5.82564,6.37989,0.5697399999999999,0,1.35351,1.23102,0,0,153.69829000000001
422,2,Zn+Cu,2_Zn+Cu,2.81652,64.57647000000001,37.23408,2.92521,18.61161,2.06298,4.8394200000000005,0.3397900000000001,0,0.51693,0.7283999999999999,0.19838999999999998,1.1682299999999999,136.01803
432,2,Zn+Cu,2_Zn+Cu,0,71.48934,31.43382,3.97758,17.283389999999997,5.43234,3.56676,1.2454299999999998,0,1.41903,1.5536400000000001,0.24306,0.7397100000000001,138.3841
450,2,Zn+Cu,2_Zn+Cu,1.85976,73.2882,27.605639999999998,1.7650199999999998,16.46649,1.43862,4.4023200000000005,0.14125000000000004,0,0.34923,0.5724899999999999,0,5.66037,133.54939
472,2,Zn+Cu,2_Zn+Cu,1.6951800000000001,69.63474000000001,34.116029999999995,2.1945,20.87949,1.57818,5.7787500000000005,1.02541,0,0.44597999999999993,1.00128,0.24558000000000002,0.41571,139.01083
22,2,RCS,2_RCS,3.42774,92.93484000000001,37.43313,3.3854100000000003,19.315920000000002,4.1931899999999995,8.700569999999999,2.58136,0,1.1154899999999999,1.77534,0.32496,2.09394,177.28189
43,2,RCS,2_RCS,3.0859799999999997,73.24458,42.86259,2.95398,18.61296,3.3063900000000004,10.75242,1.9828899999999998,0,0.8952899999999999,0.92286,0.29757,2.05347,160.97098
65,2,RCS,2_RCS,2.35209,77.16447000000001,38.924459999999996,4.0921199999999995,23.44623,4.72143,9.52341,2.6971299999999996,0,1.2936,2.0559000000000003,0.40277999999999997,3.60168,170.27530000000002
119,2,RCS,2_RCS,2.48517,71.03415000000001,30.786990000000003,3.1540800000000004,18.19272,4.5883199999999995,9.020430000000001,3.72598,0.27632999999999996,1.43229,0.98898,0.29787,1.89522,147.87853
138,2,RCS,2_RCS,0,87.20004000000002,38.73399,4.94568,28.215719999999997,6.25953,7.95528,2.40823,0,1.65999,1.2928199999999999,0.39834,2.2146,181.28422
175,2,RCS,2_RCS,2.8053,65.75535,26.07576,2.33607,10.80249,2.27532,3.9580800000000003,1.30972,0,0.7296,1.5828900000000001,0.29112,1.7216399999999998,119.64334000000001
198,2,RCS,2_RCS,0,62.55407999999999,41.22369,2.02164,10.23453,1.87452,7.70754,0.08770000000000006,0,0.66864,0.47742,0,0,126.84975999999999
397,2,RCS,2_RCS,3.17352,76.57698,27.50721,3.41505,16.52082,4.34382,6.72645,1.7910400000000002,0,1.11606,2.18565,0.18414,3.84441,147.38515
6,2,Bglu,2_Bglu,0,67.42041000000002,34.21011,2.49297,19.08909,2.51679,7.413450000000001,1.59409,0,0.62409,2.3094599999999996,0.26631,4.59006,142.52683000000002
144,2,Bglu,2_Bglu,1.5299399999999999,83.52579000000001,30.0084,4.25106,25.96443,7.09914,5.52327,2.00983,0,2.22804,1.53402,0.19751999999999997,1.02597,164.89741
228,2,Bglu,2_Bglu,2.5284,47.65392,21.76491,2.36352,11.54469,1.89159,4.698029999999999,0.6349899999999999,0,0.57423,1.60968,0,2.0110799999999998,97.27504
240,2,Bglu,2_Bglu,1.18668,59.239110000000004,24.88917,4.30365,13.59018,7.603350000000001,7.21326,2.45623,0,1.91241,0.5383199999999999,0.28953,0.5094000000000001,123.73129
253,2,Bglu,2_Bglu,2.35257,59.82195,30.629730000000002,1.9589699999999999,16.908179999999998,1.57578,8.29182,0.49272999999999995,0,0.48075,1.9884,0.44808,1.8684,126.81736
461,2,Bglu,2_Bglu,1.6820399999999998,60.9561,35.77383,2.95395,15.935580000000002,2.8151699999999997,6.27543,1.3056100000000002,0,0.88164,2.18706,0.18702,4.17573,135.12915999999998
8,2,Bglu,2_Bglu,1.9512,70.11714,26.38398,4.222379999999999,11.397,7.03653,6.40164,2.03614,0.27855,1.88904,0.53856,0.30636,0.99462,133.55314
226,2,Bglu,2_Bglu,1.26312,93.0219,37.85562,5.61237,25.944480000000002,8.2989,8.839649999999999,2.7307300000000003,0,1.97763,2.07522,0.45867,1.64163,189.71992
237,2,Bglu,2_Bglu,1.50807,68.02350000000001,29.89011,2.51343,14.829839999999999,1.90083,4.02234,0.38998000000000005,0,0.6192300000000001,1.4139,0.20337,1.34367,126.65827000000002
77,7,control,7_control,2.52327,74.52753,31.123260000000002,2.9080500000000002,12.185640000000001,2.63079,3.89349,0.9938500000000001,0,0.76368,1.69692,0.15689999999999998,9.88731,143.29069
87,7,control,7_control,1.89036,62.363189999999996,36.78651,3.63234,17.81436,5.63184,7.63368,1.77589,0,1.47906,1.21398,0.19205999999999998,2.9853,143.39857
122,7,control,7_control,0.96993,84.14487000000001,40.57764,3.0948900000000004,13.45842,2.82414,6.653040000000001,0.30951999999999996,0,0.8266800000000001,2.58984,0.14873999999999998,15.281310000000001,170.87902000000003
160,7,control,7_control,0,66.15435000000001,32.319599999999994,5.3566199999999995,20.46276,7.63746,8.82,2.4345999999999997,0,2.0630100000000002,1.5026100000000002,0,5.728949999999999,152.47996
191,7,control,7_control,2.46678,90.91371000000001,43.57431,5.4153,26.28744,8.56983,11.97621,3.5619700000000005,0,2.06394,2.06601,0.34521,3.1055699999999997,200.34628
224,7,control,7_control,1.27272,71.59449000000001,19.98513,3.94146,8.31261,5.06103,4.46619,0.80332,0,1.48122,2.02167,0.38367,11.996760000000002,131.32027000000002
345,7,control,7_control,2.6388000000000003,60.47787,21.934919999999998,3.1502100000000004,10.3407,3.9723,4.1858699999999995,0.95275,0,1.11498,2.01867,0.2379,7.96911,118.99408
419,7,control,7_control,1.58502,80.28129,34.26831,4.4688300000000005,16.74378,5.46348,7.7068200000000004,1.9488400000000001,0,1.4816099999999999,2.91492,0.25911,15.33576,172.45777
458,7,control,7_control,2.36331,110.50547999999999,46.204139999999995,6.2706599999999995,28.127969999999998,10.14363,11.49207,3.3988000000000005,0,2.4853199999999998,1.01217,0.32202000000000003,5.443020000000001,227.76859
345,0,control,0_control,0,28.63044,10.93149,0.96747,2.49156,0.9339000000000001,0.8133600000000001,0,0,0.30771,0.5209199999999999,0,0.49857,46.09542
50,7,RPS,7_RPS,1.20261,85.21539,31.847009999999997,5.26128,21.999959999999998,7.07145,8.51421,2.8063000000000002,0,1.84398,2.52591,0.42876,16.53345,185.25030999999998
93,7,RPS,7_RPS,3.045,77.2227,40.374930000000006,1.6643400000000002,6.24105,1.63782,6.00126,0.61063,0,0.5804400000000001,1.70835,0.28383,2.9133299999999998,142.28368
97,7,RPS,7_RPS,1.87575,95.03118,52.904039999999995,2.95566,14.15841,3.5561100000000003,12.927959999999999,2.1742,0,1.06995,2.60535,0.22908,5.9747699999999995,195.46246
181,7,RPS,7_RPS,1.10052,89.00298000000001,49.15241999999999,2.7086699999999997,14.49522,2.9124299999999996,12.383339999999999,2.1954700000000003,0,0.753,3.03438,0.42822000000000005,6.79041,184.95705999999998
244,7,RPS,7_RPS,2.1099,99.98457,42.28776,4.69053,21.07056,7.14894,9.790140000000001,3.4776099999999994,0,1.91904,3.5934600000000003,0.34758,8.19372,204.61381
321,7,RPS,7_RPS,1.4719799999999998,97.00137000000002,52.257000000000005,4.6750799999999995,23.77467,6.546060000000001,16.276049999999998,4.2778,0,1.6527599999999998,4.60419,0.31248,5.60412,218.45356000000004
355,7,RPS,7_RPS,0,87.50859000000001,38.82537,2.0745899999999997,11.114370000000001,2.24526,6.08784,0.7570299999999999,0.396,0.69888,5.24634,0.18744,15.294,170.43571
373,7,RPS,7_RPS,2.13084,102.74064,46.34832,3.5323200000000003,13.146180000000001,4.37997,8.553840000000001,1.6432000000000002,0,1.0848900000000001,3.52623,0.33609,11.1042,198.52672
392,7,RPS,7_RPS,2.61252,87.74862,36.87567,3.15627,17.894669999999998,4.06002,8.22063,2.50762,0,1.08105,2.20602,0.21999000000000002,8.42406,175.00714
26,7,Acid,7_Acid,1.57086,82.7013,33.38055,5.11479,23.50482,5.99562,7.81626,2.19631,0,1.61355,2.01258,0.23352,10.061129999999999,176.20129
52,7,Acid,7_Acid,2.3657399999999997,88.36635000000001,36.04599,3.6478200000000003,18.88071,5.01414,9.375509999999998,1.8833799999999998,0,1.3520699999999999,2.92734,0.22701,16.53024,186.61630000000002
126,7,Acid,7_Acid,0,76.37223,36.278639999999996,4.6692599999999995,17.41791,6.92574,7.81386,2.9129500000000004,0,1.7085299999999999,0.62229,0.3252,0.81375,155.86035999999999
152,7,Acid,7_Acid,4.16172,73.48986000000001,32.2455,4.32828,14.25159,6.2091,7.55349,1.0525900000000001,0,1.6488899999999997,0.7956,0.23778,2.5911299999999997,148.56553
178,7,Acid,7_Acid,0,105.25368,48.736650000000004,4.82829,23.02512,7.774230000000001,11.771939999999999,3.7438900000000004,0,1.98717,1.41645,0.321,3.49695,212.35537000000002
211,7,Acid,7_Acid,1.8009300000000001,67.46301000000001,25.848959999999998,3.1826999999999996,11.27175,3.73413,4.64427,0.84592,0,1.10385,1.96836,0.16938,14.79306,136.82632
348,7,Acid,7_Acid,2.5644299999999998,71.39751,26.34447,3.2354400000000005,9.78621,3.5976,3.8219399999999997,0.23626000000000008,0,1.04664,0.77874,0.21533999999999998,5.12631,128.15089
361,7,Acid,7_Acid,1.8595799999999998,69.52194,36.70662,4.85937,22.85877,6.5067900000000005,8.60181,2.1007,0,1.70382,0.8876999999999999,0.29358,3.89457,159.79525
378,7,Acid,7_Acid,1.8300899999999998,85.75617000000001,48.35928,5.47077,19.881300000000003,8.335920000000002,12.830490000000001,3.82747,0,2.13672,2.3349,0.28581,7.79166,198.84058000000002
426,7,Acid,7_Acid,1.51275,90.97311,32.384339999999995,5.6802,20.88657,8.473980000000001,7.47402,2.16235,0,2.29542,1.51491,0.23610000000000003,11.957819999999998,185.55157
74,7,Zn+Cu,7_Zn+Cu,2.83548,88.97694,39.884100000000004,4.53681,29.31096,6.72081,7.6731,3.08854,0,1.67007,3.0113399999999997,0.2481,1.8727200000000002,189.82897
83,7,Zn+Cu,7_Zn+Cu,0,77.93133,34.657650000000004,1.83636,12.97419,1.7106599999999998,4.09497,0.09312999999999999,0,0.38982,1.49811,0,14.15361,149.33983
219,7,Zn+Cu,7_Zn+Cu,0,72.40596000000001,35.18424,4.434150000000001,20.03046,6.30765,9.04608,0.57778,0,1.77852,1.46367,0.2328,3.25248,154.71379000000002
265,7,Zn+Cu,7_Zn+Cu,2.8938,74.66181,44.98995,2.95986,11.87799,3.4397399999999996,9.577200000000001,1.07617,0,0.91356,2.7103800000000002,0.26376,3.6364799999999997,159.0007
295,7,Zn+Cu,7_Zn+Cu,0,78.0387,35.62968,4.13433,20.2371,4.8472800000000005,6.79626,1.82035,0,1.32687,1.58556,0.24131999999999998,5.33247,159.98992
326,7,Zn+Cu,7_Zn+Cu,1.93911,80.65158000000001,38.139720000000004,5.44569,24.633779999999998,7.13175,10.985759999999999,2.3363199999999997,0,1.80729,1.65873,0.28134000000000003,2.30526,177.31633000000002
422,7,Zn+Cu,7_Zn+Cu,1.62561,93.36393000000001,33.95904,4.3381799999999995,23.82552,5.49528,8.44137,1.17682,0,1.46841,2.4246,0.19205999999999998,12.62046,188.93128000000002
432,7,Zn+Cu,7_Zn+Cu,1.63209,81.91044000000001,54.36717,5.31978,34.23726,7.6623600000000005,14.79288,3.19963,0,1.91304,1.26567,0.17199,0.48768,206.95999
450,7,Zn+Cu,7_Zn+Cu,0,91.21146,37.23966,4.435499999999999,25.416510000000002,5.77149,7.84614,0.68221,0,1.52976,1.5567000000000002,0.17865,11.426820000000001,187.2949
472,7,Zn+Cu,7_Zn+Cu,0,81.86892000000002,45.97929,1.9551599999999998,15.33606,2.3281199999999997,13.940100000000001,1.7324200000000003,0,0.7094100000000001,2.0784599999999998,0.20916,5.62185,171.75895000000003
43,7,RCS,7_RCS,1.91256,84.6954,42.04209,4.19325,15.558330000000002,5.08917,8.68944,2.2866999999999997,0,1.31769,2.29479,0.20745000000000002,11.12829,179.41516000000001
65,7,RCS,7_RCS,0,83.02872,47.02713,3.5910900000000003,26.354280000000003,4.15998,14.450490000000002,2.8419099999999995,0,1.10814,2.7819000000000003,0.22296,13.83342,199.40002
119,7,RCS,7_RCS,2.52453,88.43937000000001,29.055570000000003,4.76046,17.86803,7.228829999999999,6.9232499999999995,2.47837,0,1.8328200000000001,1.72614,0.26811,6.9396,170.04508
138,7,RCS,7_RCS,4.15404,70.00467,27.28161,2.87025,13.74081,2.81616,7.0759799999999995,2.84314,0.38805,0.8903099999999999,2.3780400000000004,0.23210999999999998,13.32678,148.00195
175,7,RCS,7_RCS,2.76528,76.38126000000001,29.31465,3.91275,14.94723,5.5359,5.693160000000001,1.9874800000000001,0,1.46853,1.9986000000000002,0.26366999999999996,6.11193,150.38044000000002
198,7,RCS,7_RCS,4.58826,83.23158000000001,38.53056,1.7212800000000001,10.26651,1.83528,5.34753,0.12457000000000001,0,0.58653,2.8113,0.23091,11.775660000000002,161.04997
397,7,RCS,7_RCS,2.2897499999999997,67.98438,25.03311,2.43792,7.8194099999999995,2.78499,4.42992,1.14082,0.45759,0.8964599999999999,5.0862300000000005,0.23760000000000003,24.35352,144.9517
453,7,RCS,7_RCS,0.88077,38.09802,13.109189999999998,1.5266699999999997,6.80175,1.9717799999999999,1.9954199999999997,0.7037800000000001,0,0.57597,0.81477,0.10113,10.76253,77.34178
469,7,RCS,7_RCS,0,78.30705,34.018919999999994,3.73413,23.07426,4.43244,7.656270000000001,3.40906,0,1.2000000000000002,1.8873600000000001,0,15.27915,172.99864
6,7,Bglu,7_Bglu,2.44251,77.26479,32.239110000000004,3.66702,10.33323,4.044510000000001,6.40305,1.34749,0,1.06377,3.51285,0.2445,9.208680000000001,151.77151
144,7,Bglu,7_Bglu,2.59017,101.92338000000002,38.96214,6.7953600000000005,22.90473,11.00844,10.34433,2.55022,0,2.8278299999999996,2.2471200000000002,0.29088,2.97009,205.41469
228,7,Bglu,7_Bglu,2.78349,79.21761000000001,35.57694,3.483,10.279020000000001,4.2664800000000005,5.56161,0.70987,0,1.21983,1.81899,0.37712999999999997,2.66538,147.95935
240,7,Bglu,7_Bglu,0,80.57031,25.962690000000002,3.6880200000000003,11.57898,6.02622,4.40859,1.2084699999999997,0,1.6722899999999998,1.00269,0.20673,1.9365900000000003,138.26158
253,7,Bglu,7_Bglu,3.66003,64.92525,40.31178,1.77933,11.447700000000001,1.15032,8.37264,0.6449799999999999,0,0.43587,1.97505,0.28071,3.47058,138.45424
461,7,Bglu,7_Bglu,1.7891400000000002,84.26136000000001,42.11136,5.0682,16.97277,5.86869,10.15035,1.9627599999999998,0,1.6408500000000001,4.0448699999999995,0.30300000000000005,18.0429,192.21625
8,7,Bglu,7_Bglu,2.74398,77.38485,30.61788,3.3694500000000005,9.549209999999999,5.29512,6.84918,1.5117399999999999,0.47352000000000005,1.51242,3.72978,0,2.57586,145.61299
141,7,Bglu,7_Bglu,2.81661,61.42698,32.43213,1.41141,6.30762,0.9219599999999999,4.5172799999999995,0.13117000000000006,0,0.36783,2.70654,0.21986999999999998,4.34043,117.59983
226,7,Bglu,7_Bglu,2.42484,91.13391,41.72058,5.35497,16.6662,7.422750000000001,9.40992,2.45539,0,1.86111,3.02454,0.29937,6.42189,188.19547
237,7,Bglu,7_Bglu,1.40556,78.21543000000001,28.859070000000003,2.49774,13.656360000000001,2.53659,4.1688600000000005,0.27475,0.32772,0.74226,3.6142199999999995,0.18003,17.45892,153.93751
77,14,control,14_control,2.12547,99.23727000000001,44.41497,5.4639299999999995,36.05196,6.9461699999999995,7.812059999999999,1.9897,0,1.7873700000000001,1.8288000000000002,0.17349,0.5219100000000001,208.3531
87,14,control,14_control,1.60548,64.47804000000001,21.064709999999998,3.82038,14.98743,4.141019999999999,3.91596,0.4374700000000001,0,1.18917,0.5282100000000001,0.28851000000000004,0.44582999999999995,116.90221000000001
122,14,control,14_control,1.19769,93.91749000000002,53.26022999999999,4.95798,36.096360000000004,6.828570000000001,10.91775,1.47322,0,1.78746,1.67316,0.22602,1.26183,213.59776000000002
160,14,control,14_control,1.05864,70.77279,24.62334,3.23532,12.35679,5.2635,3.5780700000000003,0.6880299999999999,0,1.4283299999999999,1.0941299999999998,0,0,124.09894
191,14,control,14_control,1.70925,67.04298000000001,29.813280000000002,3.50835,14.08269,4.22874,4.84323,0.80446,0,1.16628,1.2219,0.29019,0,128.71135
224,14,control,14_control,1.9672500000000002,107.60466000000001,39.20028,5.62791,26.74563,7.04574,6.5928,1.10773,0,1.93431,1.67142,0.27098999999999995,0.49014,200.25886
337,14,control,14_control,1.8333300000000001,68.53296,42.104820000000004,3.5622599999999998,19.545450000000002,4.02345,9.818430000000001,0.7991199999999998,0,1.00665,1.22415,0,0.43272,152.88334
345,14,control,14_control,1.5392100000000002,79.34139,33.92493,5.62143,20.89851,8.13408,7.065719999999999,2.1957400000000002,0,1.9494000000000002,1.62396,0.25005,0,162.54442
419,14,control,14_control,2.60961,99.41226000000002,42.825810000000004,6.2105999999999995,31.494149999999998,8.54016,8.92818,3.1946200000000005,0,2.18121,1.9398,0.25266,0.5328,208.12186000000003
458,14,control,14_control,1.03014,80.44338,25.91304,3.22449,15.9786,4.0893,3.95439,1.65082,0,1.29696,0.84375,0.31445999999999996,0.37734,139.11667
50,14,RPS,14_RPS,0,99.08505000000001,35.54787,4.79661,28.680389999999996,6.697649999999999,9.6465,4.33267,0,1.7115299999999998,1.37991,0.39264,0.38256,192.65338
93,14,RPS,14_RPS,2.25021,81.47382,38.85414,1.1366399999999999,8.68692,1.16661,6.44643,0.7941099999999999,0,0.39924000000000004,1.3959,0.20313000000000003,0.44514000000000004,143.25229000000002
97,14,RPS,14_RPS,1.5482399999999998,75.24735000000001,56.197500000000005,3.04635,12.99831,4.36434,14.789939999999998,2.6353,0,0.96,1.5002399999999998,0.27441,0,173.56198
181,14,RPS,14_RPS,1.63047,108.28884000000001,61.66062000000001,5.51637,33.02619,9.27171,15.41553,4.43074,0,2.26842,2.09073,0.30306,0,243.90268
244,14,RPS,14_RPS,2.59122,84.71379,36.21996,3.8674800000000005,17.031390000000002,5.016360000000001,6.858509999999999,2.43889,0,1.27779,1.0299900000000002,0.31122,1.6335,162.9901
321,14,RPS,14_RPS,1.73121,92.21505,69.54675,3.92481,20.08185,6.125399999999999,19.99107,2.90719,0,1.60251,1.59891,0,0,219.72475
355,14,RPS,14_RPS,1.54365,115.4559,55.201440000000005,5.89545,30.52854,7.98711,12.264690000000002,2.16931,0,1.8532799999999998,1.47084,0.1716,0.37041,234.91222000000002
373,14,RPS,14_RPS,1.3538700000000001,90.7587,31.88091,3.2908799999999996,23.75865,3.3659099999999995,6.64677,1.6435,0,0.9465300000000001,1.8260699999999999,0.23145,1.15995,166.86319
392,14,RPS,14_RPS,0,75.97260000000001,36.592980000000004,4.03839,17.18007,5.77662,8.815620000000001,2.06827,0,1.46973,0.9139200000000001,0.27423000000000003,0.58029,153.68272000000002
26,14,Acid,14_Acid,1.66971,100.30212,35.95029,5.22966,31.464299999999998,8.21898,9.55443,2.29669,0,2.18253,1.51332,0.26349,0,198.64552
52,14,Acid,14_Acid,2.19111,79.9347,29.228160000000003,3.4857899999999997,19.45557,4.21152,4.93671,1.7056300000000002,0,1.27305,0.49527,0.31269,0.6744300000000001,147.90463
126,14,Acid,14_Acid,1.69839,90.11211000000002,46.08264,4.4778,32.166869999999996,6.1477200000000005,7.7322,2.77393,0,1.58541,1.21311,0,0,193.99018
152,14,Acid,14_Acid,2.36958,82.17093,33.4743,2.88789,17.94162,3.2586000000000004,3.0971400000000004,1.000000000000445e-4,0,0.9741299999999999,0.57324,0.2334,4.05516,151.03609
178,14,Acid,14_Acid,1.77546,76.03008000000001,26.61315,3.17589,19.64574,5.10858,6.2199599999999995,2.50645,0,1.4277600000000001,1.70241,0.26391000000000003,0.30366000000000004,144.77305
211,14,Acid,14_Acid,2.09949,73.69164,32.71482,4.19019,23.17743,5.61318,5.14803,0.9330700000000001,0,1.46403,1.7119499999999999,0.15486,0.51807,151.41676
348,14,Acid,14_Acid,1.62669,95.14287,51.63375,4.96755,43.90131,7.473840000000001,11.88606,0.8781999999999999,0,1.9166100000000001,1.83291,0,0,221.25979
361,14,Acid,14_Acid,0,73.19166,31.210680000000004,3.7220999999999997,22.35222,4.47753,6.429780000000001,0.9510700000000001,0,1.28694,1.3608,0.23385,0.69447,145.9111
378,14,Acid,14_Acid,1.7319600000000002,84.17781000000001,53.2953,3.8742900000000002,16.20786,5.81673,12.945839999999999,2.85469,0.32583,1.5758100000000002,1.40046,0.35586,0.29675999999999997,184.85920000000002
426,14,Acid,14_Acid,1.8684600000000002,91.17768,37.41624,4.43154,31.2675,5.47482,6.1513800000000005,1.1912800000000001,0.28089000000000003,1.41516,1.21662,0.3003,0.35961,182.55148
74,14,Zn+Cu,14_Zn+Cu,0,93.79671,36.78096,4.4592600000000004,21.48255,6.08946,5.3539200000000005,1.4283099999999997,0,1.68546,1.4353799999999999,0.18851999999999997,0.30378,173.00431
83,14,Zn+Cu,14_Zn+Cu,2.23296,90.4668,30.74091,3.5613,24.211889999999997,3.7647900000000005,5.78571,0.24805000000000005,0,1.09074,0.6830700000000001,0.18759,0.90927,163.88308
219,14,Zn+Cu,14_Zn+Cu,1.36335,81.522,42.14808,4.39983,27.57378,6.03411,10.436069999999999,1.3027600000000001,0,1.5552,1.58328,0.17949,0,178.09795
265,14,Zn+Cu,14_Zn+Cu,1.73601,98.20923,45.04494,4.64409,26.58291,6.35868,8.84724,2.5572099999999995,0,1.6010400000000002,1.8521999999999998,0.20856,0.39984000000000003,198.04194999999999
295,14,Zn+Cu,14_Zn+Cu,1.63122,82.53831000000001,42.6423,4.79895,31.57209,6.374699999999999,10.4169,2.8185100000000003,0,1.65618,1.67544,0.20853,0.53442,186.86755
326,14,Zn+Cu,14_Zn+Cu,2.15253,74.7897,28.95153,3.4104900000000002,15.468359999999999,3.67743,5.12274,0.5347900000000001,0,1.05447,1.6537799999999998,0.20396999999999998,1.22415,138.24394
422,14,Zn+Cu,14_Zn+Cu,2.2030499999999997,95.69610000000002,28.91415,3.9272099999999996,23.37108,5.61336,8.36124,0.9578199999999999,0.36315000000000003,1.59813,0.9498900000000001,0.18284999999999998,0.41748,172.55551000000003
432,14,Zn+Cu,14_Zn+Cu,0,90.33453000000002,43.51431,4.26738,32.3562,6.61908,8.9427,1.3884400000000001,0,1.89534,2.37858,0.22077000000000002,0,191.91733000000002
450,14,Zn+Cu,14_Zn+Cu,1.87041,63.883050000000004,17.49852,2.71875,13.452659999999998,3.29028,2.40963,0,0,0.96561,1.14078,0,2.04564,109.27533
472,14,Zn+Cu,14_Zn+Cu,2.17395,72.87837,41.329409999999996,3.01497,27.18498,3.3089699999999995,8.45766,1.50652,0,0.9157500000000001,1.11465,0.19842,0.49521,162.57886
22,14,RCS,14_RCS,2.0115,97.63698000000001,37.286609999999996,2.59896,21.348660000000002,3.10635,10.21287,3.16507,0,0.7996800000000001,1.9224299999999999,0.21078000000000002,2.0754,182.37529
43,14,RCS,14_RCS,0,81.43044,36.97512,3.3884999999999996,23.80245,4.3618500000000004,9.71154,2.29717,0,1.25736,1.20756,0.18,0.42279,165.03478
65,14,RCS,14_RCS,0,76.27065,28.27059,3.1787099999999997,13.6815,4.021649999999999,6.39084,1.69027,0,1.10406,2.4846000000000004,0.25005,4.52757,141.87049
119,14,RCS,14_RCS,1.57092,104.34951000000001,36.99522,4.1148299999999995,22.583009999999998,6.033810000000001,6.63855,2.22775,0,1.6281599999999998,1.60812,0.25734,1.59507,189.60229
138,14,RCS,14_RCS,2.25651,90.49332000000001,38.437470000000005,3.9703800000000005,21.56079,5.59884,7.35282,2.33827,0,1.5001200000000001,1.38084,0.26991,1.68108,176.84035000000003
175,14,RCS,14_RCS,2.32077,83.35344,33.632130000000004,4.30353,24.60906,6.90756,8.915040000000001,1.49731,0,1.8062999999999998,1.4729999999999999,0.19458,0,169.01272
198,14,RCS,14_RCS,0,74.29377000000001,25.64334,2.52006,12.568439999999999,2.7425699999999997,3.6370199999999997,0.07495000000000002,0,0.87378,2.4089400000000003,0.21864,3.13506,128.11657
397,14,RCS,14_RCS,2.30409,81.95097,33.19818,3.34716,20.31498,4.69971,7.799430000000001,2.7713200000000002,0,1.23459,1.04325,0.28158,1.27023,160.21549
453,14,RCS,14_RCS,1.7527500000000003,95.93865000000001,27.059189999999997,4.402620000000001,16.27611,5.58462,5.09361,1.3572700000000002,0,1.68045,0.7731600000000001,0.2091,4.76247,164.89000000000001
469,14,RCS,14_RCS,0,104.19216000000002,41.482350000000004,4.1729400000000005,23.43207,5.90583,9.85437,3.7010500000000004,0,1.4536799999999999,1.43541,0.25536000000000003,1.16916,197.05438
6,14,Bglu,14_Bglu,1.42875,84.67593000000001,42.207119999999996,4.80636,23.058390000000003,7.450470000000001,11.48454,2.89663,0,1.8757800000000002,1.6880700000000002,0.18012,0.36924,182.12140000000002
144,14,Bglu,14_Bglu,1.44276,140.1882,56.537549999999996,4.98798,25.17678,7.83489,8.376389999999999,1.70443,0,2.2763400000000003,2.54787,0,0.29715,251.37034
228,14,Bglu,14_Bglu,1.59477,74.94126000000001,27.489179999999998,3.62646,13.30068,5.39376,5.61519,1.72633,0,1.35783,1.3302,0.23241,0.44409,137.05216000000001
240,14,Bglu,14_Bglu,1.92573,99.11502,41.631119999999996,3.8952,23.21553,6.87246,8.76861,3.1174599999999995,0,1.85412,2.9688,0.23531999999999997,0.32655,193.92592
253,14,Bglu,14_Bglu,1.56933,75.83919,45.21288,3.20958,16.37667,4.39053,9.2994,1.5840100000000001,0,1.13214,1.5171299999999999,0.25338,0.3558,160.74004
461,14,Bglu,14_Bglu,2.3465100000000003,89.95776000000001,34.90227,4.22595,25.47972,5.73003,7.308539999999999,2.96767,0,1.68027,1.89081,0.16431,1.4301,178.08394
8,14,Bglu,14_Bglu,0,76.32579000000001,39.10938,2.9307,18.76536,4.39689,10.4001,3.11956,0.30528,1.16619,0.75234,0.33066,0,157.60225000000003
141,14,Bglu,14_Bglu,1.38327,68.27850000000001,25.65972,4.2927,20.194679999999998,6.270809999999999,5.48367,2.00134,0,1.6794900000000001,0.89883,0.15755999999999998,2.29494,138.59551000000002
226,14,Bglu,14_Bglu,1.48887,79.77126000000001,39.91509,4.10262,19.67868,5.99916,9.33597,3.50764,0,1.56324,1.5577800000000002,0.15954,0,167.07985000000002
237,14,Bglu,14_Bglu,1.34928,105.09876000000001,46.27872,5.71164,34.682339999999996,8.551919999999999,7.646100000000001,0.7131400000000001,0,2.19324,1.93803,0.18795,1.28799,215.63911000000002
77,21,control,21_control,2.0285699999999998,85.61247000000002,34.135619999999996,2.69532,23.34582,3.3303000000000003,4.71801,1.37002,0,0.88008,2.1000300000000003,0.16704,13.04184,173.42512000000002
87,21,control,21_control,2.12394,85.13622000000001,28.028309999999998,4.38504,26.28405,5.64408,5.6762999999999995,2.1828399999999997,0,1.54647,0.6897,0.21017999999999998,14.465340000000001,176.37247000000002
122,21,control,21_control,1.49217,99.4119,43.02435,4.84464,31.94394,6.16395,8.39034,1.46542,0,1.66524,1.0584,0.20912999999999998,12.94299,212.61247
160,21,control,21_control,2.11104,71.93106,21.526290000000003,2.6499300000000003,11.42862,4.25865,3.3390899999999997,0.68458,0,1.4031600000000002,3.12201,1.1945100000000002,0.49451999999999996,124.14346
191,21,control,21_control,0,92.712,41.37402,4.92744,22.0809,7.714440000000001,8.02035,2.16571,0,1.85598,1.27212,0.26034,5.58207,187.96537
224,21,control,21_control,1.33905,94.60961999999999,37.91952,4.71345,26.429249999999996,6.526019999999999,5.58168,1.5099099999999999,0,1.82268,1.73457,0.20904,11.76387,194.15866
337,21,control,21_control,1.48785,59.01336,27.946379999999998,3.21126,17.51715,3.7315499999999995,4.34796,1.6152699999999998,0,0.9642599999999999,1.30668,0,11.872140000000002,133.01386
345,21,control,21_control,1.7860500000000001,94.23825000000001,38.38701,3.4693199999999997,22.56165,5.50014,6.214410000000001,1.6819899999999999,0,1.5407099999999998,2.7666,0,7.732259999999999,185.87839
419,21,control,21_control,2.10288,93.28767,40.23924,5.53188,29.4762,8.25453,8.804640000000001,2.9406100000000004,0,2.18592,2.55234,0.27102000000000004,6.850110000000001,202.49704
458,21,control,21_control,2.22051,96.51978000000001,31.70553,3.6199199999999996,18.64386,5.1588,4.52715,1.5312999999999999,0,1.5114299999999998,0.97131,0.21498,8.76219,175.38676
50,21,RPS,21_RPS,1.87245,92.90610000000001,45.28071,5.85663,32.411339999999996,8.16198,11.05704,2.0863899999999997,0,2.10384,1.82952,0.23523,5.03787,208.8391
93,21,RPS,21_RPS,2.7015599999999997,73.85706,32.04297,1.68963,16.48443,1.6002899999999998,6.40182,1.72315,0,0.54252,3.7456199999999997,0.19149,34.58799,175.56853
97,21,RPS,21_RPS,0,90.6717,65.77956,4.45242,18.31326,6.83259,19.799310000000002,4.72852,0.29304,1.6192499999999999,3.4376700000000002,0,2.6388599999999998,218.56618
181,21,RPS,21_RPS,2.33151,75.35091000000001,27.813450000000003,2.48028,20.07003,3.51201,6.512970000000001,4.0901499999999995,0,0.97614,1.74762,0.23231999999999997,22.68432,167.80171
244,21,RPS,21_RPS,0,99.92400000000002,38.744429999999994,4.705830000000001,26.532600000000002,5.86293,6.9213000000000005,3.07306,0,1.60179,2.95176,0.17601,18.102510000000002,208.59622000000002
321,21,RPS,21_RPS,1.8440100000000001,82.71000000000001,41.68893,5.21499,20.35911,7.5411,7.3534500000000005,1.58068,0,1.97433,2.21262,0.24509999999999998,5.21379,177.93811000000002
355,21,RPS,21_RPS,1.9668900000000002,97.96011,42.404759999999996,3.93414,22.38561,5.3185199999999995,8.779440000000001,0.7279,0,1.40808,4.01496,0.21144000000000002,27.21342,216.32527
373,21,RPS,21_RPS,1.5251400000000002,98.05461000000001,38.750640000000004,2.46069,23.844269999999998,2.92782,4.7775,0.3293200000000001,0,0.83406,3.1001399999999997,0.22602,29.97966,206.80987000000002
392,21,RPS,21_RPS,1.15263,80.24547,30.839309999999998,3.32844,14.77524,4.65912,6.94581,2.56954,0,1.22046,3.41952,0.22938,19.103879999999997,168.4888
26,21,Acid,21_Acid,0,99.52119,51.28857,4.23762,32.099729999999994,6.83034,7.912559999999999,1.85365,0,1.94103,1.58127,0.17253,0.69927,208.13776
52,21,Acid,21_Acid,2.72388,89.45898000000001,48.75453,5.38374,35.846909999999994,8.527890000000001,10.370159999999998,2.8554399999999998,0,2.1461099999999997,1.70559,0.24284999999999998,0.45912000000000003,208.4752
126,21,Acid,21_Acid,0,87.58209000000001,22.09008,3.8931000000000004,16.29576,5.501580000000001,3.8361,1.40638,0,1.5261900000000002,0.59895,0.19430999999999998,4.9626600000000005,147.8872
152,21,Acid,21_Acid,1.41522,90.13341000000001,35.461619999999996,3.0347399999999998,22.82169,3.4075800000000003,3.9333600000000004,0.09580000000000005,0,0.9847199999999999,2.59419,0.19080000000000003,26.278859999999998,190.35199
178,21,Acid,21_Acid,2.3667599999999998,81.42129000000001,34.50195,4.01823,22.74186,5.45688,5.35461,1.9510300000000003,0,1.3927800000000001,2.94819,0.19128,18.15993,180.50479
211,21,Acid,21_Acid,0,76.72032,33.98568,3.8105400000000005,20.231939999999998,5.7222,5.18139,1.4740599999999997,0,1.5520800000000001,1.51536,0.17016,6.45243,156.81616
348,21,Acid,21_Acid,2.58738,79.40667,24.04734,2.96526,17.07657,3.42204,3.24366,0.13981000000000005,0,1.07883,2.7379800000000003,0.17997000000000002,25.9614,162.84691
361,21,Acid,21_Acid,2.24667,75.98967,38.47113,4.3230900000000005,41.04396,5.56527,7.61598,1.38922,0.31851,1.40895,2.05647,0.16482000000000002,13.745069999999998,194.33881
378,21,Acid,21_Acid,0.9544199999999999,75.8967,37.38885,4.00824,17.23674,5.8782,8.83686,2.42287,0,1.5116100000000001,3.5208600000000003,0.33455999999999997,7.80678,165.79668999999998
426,21,Acid,21_Acid,1.52025,84.92880000000001,27.607950000000002,3.42054,15.94059,4.7722500000000005,4.29768,0.2716300000000001,0.38982,1.2957,5.4444300000000005,0.17175,22.18419,172.24558000000002
74,21,Zn+Cu,21_Zn+Cu,0,76.44111000000001,26.279339999999998,3.3755699999999997,11.311710000000001,4.71375,3.46746,0.3133000000000001,0.44450999999999996,1.38714,4.38795,0.23165999999999998,13.72299,146.07649
83,21,Zn+Cu,21_Zn+Cu,1.49196,88.83966000000001,27.35994,3.42288,13.2792,3.3368399999999996,4.7903400000000005,0.08500000000000002,0,0.9204300000000001,3.3682499999999997,0,23.85795,170.75245
219,21,Zn+Cu,21_Zn+Cu,1.22724,88.41141,28.86432,3.79842,21.42861,4.77831,7.217370000000001,0.79864,0,1.39851,2.17356,0.19956,34.73829,195.03424
265,21,Zn+Cu,21_Zn+Cu,1.5357600000000002,81.12582,28.116329999999998,3.27384,16.41828,4.5182400000000005,6.553230000000001,1.2805900000000001,0,1.0886399999999998,2.86299,0.1623,31.134330000000002,178.07035000000002
295,21,Zn+Cu,21_Zn+Cu,1.82325,62.78549999999999,17.90682,2.5191600000000003,11.29881,2.93169,3.6245700000000003,0.79264,0,0.8734799999999999,3.2007899999999996,0.14532,18.36597,126.26799999999999
326,21,Zn+Cu,21_Zn+Cu,0,104.02785000000002,29.27055,4.22112,24.9519,6.30912,10.6401,1.04311,0.45305999999999996,1.5697799999999997,4.80435,0.26751,25.83501,213.39346
422,21,Zn+Cu,21_Zn+Cu,1.1311499999999999,96.79371000000002,29.92557,4.631729999999999,30.05757,5.90718,10.167390000000001,1.85467,0,1.5947400000000003,3.0630900000000003,0.27942,24.3135,209.71972000000002
432,21,Zn+Cu,21_Zn+Cu,0,75.13749000000001,24.980639999999998,3.15906,18.9063,4.16133,5.8622700000000005,1.1349099999999999,0,1.14417,2.2026,0.22401,33.8283,170.74108
450,21,Zn+Cu,21_Zn+Cu,1.5225,86.89365000000001,22.455479999999998,2.52093,13.820070000000001,3.43191,2.62626,0.06304000000000004,0.54174,1.02177,5.52156,0,22.74669,163.1656
472,21,Zn+Cu,21_Zn+Cu,1.8288000000000002,84.92214000000001,23.38053,2.59527,20.40018,2.77527,6.50328,0.8852500000000001,0.36204,0.74448,3.64806,0.20391,21.89181,170.14102000000003
22,21,RCS,21_RCS,2.02968,88.50231000000001,31.713449999999998,3.49398,21.03087,5.0415600000000005,8.87034,2.47351,0.34683,1.33986,2.8479900000000002,0.21357,21.70776,189.61171000000002
43,21,RCS,21_RCS,0,87.14508000000001,29.92362,3.39564,19.89042,4.59495,6.33189,2.3299600000000003,0,1.22619,0.7148399999999999,0.25791000000000003,6.459900000000001,162.2704
65,21,RCS,21_RCS,3.3144,92.08107,33.891000000000005,3.10257,21.02898,4.2631499999999996,7.250310000000001,1.81543,0,1.21761,2.7712499999999998,0.19278,29.815530000000003,200.74408
119,21,RCS,21_RCS,0,85.34718,34.17465,3.76344,15.969269999999998,5.03433,4.577310000000001,1.6068699999999998,0,1.35669,1.13181,0,9.350249999999999,162.3118
138,21,RCS,21_RCS,0,63.86603999999999,23.11296,2.89767,11.109960000000001,3.65412,3.37275,0.5522499999999999,0,1.1232,0.69573,0.25236000000000003,6.56481,117.20185
175,21,RCS,21_RCS,1.1405699999999999,98.80928999999999,41.28504,4.74732,34.06158,7.591889999999999,9.81897,3.00619,0,2.05437,1.62699,0.23889000000000002,2.2195799999999997,206.60067999999998
198,21,RCS,21_RCS,2.18112,88.97526,37.49025,3.05478,22.35342,3.66819,5.84007,1.05829,0,0.9460799999999999,2.6271,0.18744,14.528220000000001,182.91022
397,21,RCS,21_RCS,2.29887,80.74743000000001,26.04096,3.07482,17.64489,4.5362100000000005,4.817819999999999,2.00056,0,1.44495,1.23306,0.17097,26.87448,170.88502
453,21,RCS,21_RCS,0,95.17062000000001,31.282559999999997,3.21549,15.98973,3.6276599999999997,3.67845,0.7450299999999999,0,1.12422,3.01911,0.2064,23.897819999999996,181.95709
469,21,RCS,21_RCS,2.3169899999999997,80.03610000000002,27.070770000000003,2.7893999999999997,19.78803,3.81576,4.07499,1.46896,0,1.09356,2.53776,0.16974,44.23272,189.39478000000003
6,21,Bglu,21_Bglu,2.09373,72.73410000000001,28.522620000000003,3.57723,16.55718,4.88499,4.63392,1.2295600000000002,0,1.3206,1.1286,0.17058,22.348499999999998,159.20161000000002
144,21,Bglu,21_Bglu,0,78.11970000000001,28.37205,3.0050399999999997,20.46276,4.99308,5.105460000000001,1.0373800000000002,0.23853,1.63452,1.61724,0.16146,2.18433,146.93155000000002
228,21,Bglu,21_Bglu,1.90083,73.19901,24.87306,3.48165,17.20299,5.24382,6.10467,1.89493,0,1.45098,3.2046900000000003,0.19430999999999998,20.384909999999998,159.13585
240,21,Bglu,21_Bglu,2.5827299999999997,90.96729,36.40692,4.68474,27.39204,7.94922,10.12095,3.7731999999999992,0,2.07126,2.21619,0.21792,2.7183,191.10076
253,21,Bglu,21_Bglu,1.7391299999999998,60.82122,24.5439,2.39559,11.947289999999999,2.57313,5.15463,1.0687000000000002,0,0.74352,4.40394,0.18114000000000002,32.48739,148.05957999999998
461,21,Bglu,21_Bglu,2.1398099999999998,89.95497,30.640259999999998,5.31987,21.860190000000003,7.946250000000001,6.778979999999999,2.1505,0,2.1736500000000003,1.19124,0.22842,17.29245,187.67659
8,21,Bglu,21_Bglu,1.82862,84.86544,36.94185,3.95943,21.84879,6.13851,8.90211,2.8386699999999996,0,1.6189200000000001,1.46907,0.2511,7.04538,177.70789000000002
141,21,Bglu,21_Bglu,2.19246,74.43627000000001,23.42088,3.1400699999999997,15.70797,4.2325800000000005,4.11885,0.5989,0,1.14999,2.26173,0,12.50919,143.76889
226,21,Bglu,21_Bglu,0,53.95458,17.513939999999998,2.73459,10.11552,4.3373100000000004,3.99528,0.90544,0,1.14951,2.34516,0.19151999999999997,14.00883,111.25168
237,21,Bglu,21_Bglu,1.5481500000000001,91.28136,35.07855,3.58101,21.27252,4.81989,3.49017,0.050319999999999976,0,1.40469,1.2645,0,21.25677,185.04793
