pignum,sample_ID,Gender,weight_9_12,weight_10_9,weight,AULC,experiment,day,tissue,num_seqs,treatment,set,log_sal,nurse_gain,pen
101,X12bP101D0F,M,7.95,11.35,NA,NA,X12b,D0,F,22109,RPS,X12b_D0_F_RPS,0,3.3999999999999995,21
101,X12bP101D0Q,M,7.95,11.35,NA,NA,X12b,D0,Q,12892,RPS,X12b_D0_Q_RPS,0,3.3999999999999995,21
101,X12bP101D14F,M,7.95,11.35,NA,NA,X12b,D14,F,29467,RPS,X12b_D14_F_RPS,5.93196611472817,3.3999999999999995,21
101,X12bP101D2F,M,7.95,11.35,NA,NA,X12b,D2,F,25877,RPS,X12b_D2_F_RPS,3.51851393987789,3.3999999999999995,21
101,X12bP101D7F,M,7.95,11.35,NA,NA,X12b,D7,F,23934,RPS,X12b_D7_F_RPS,4.74429298312268,3.3999999999999995,21
119,X12bP119D0F,M,7.15,15.6,NA,33.9794000867204,X12b,D0,F,28301,RCS,X12b_D0_F_RCS,0,8.45,24
119,X12bP119D0Q,M,7.15,15.6,NA,33.9794000867204,X12b,D0,Q,23860,RCS,X12b_D0_Q_RCS,0,8.45,24
119,X12bP119D14F,M,7.15,15.6,NA,33.9794000867204,X12b,D14,F,20183,RCS,X12b_D14_F_RCS,1.69897000433602,8.45,24
119,X12bP119D21C,M,7.15,15.6,NA,33.9794000867204,X12b,D21,C,28966,RCS,X12b_D21_C_RCS,2.25527250510331,8.45,24
119,X12bP119D21F,M,7.15,15.6,NA,33.9794000867204,X12b,D21,F,31066,RCS,X12b_D21_F_RCS,1.69897000433602,8.45,24
119,X12bP119D2F,M,7.15,15.6,NA,33.9794000867204,X12b,D2,F,22096,RCS,X12b_D2_F_RCS,1.69897000433602,8.45,24
119,X12bP119D7F,M,7.15,15.6,NA,33.9794000867204,X12b,D7,F,19227,RCS,X12b_D7_F_RCS,1.69897000433602,8.45,24
122,X12bP122D0F,M,7.3,17.3,NA,59.04973393943041,X12b,D0,F,15387,Control,X12b_D0_F_Control,0,10,25
122,X12bP122D0Q,M,7.3,17.3,NA,59.04973393943041,X12b,D0,Q,8451,Control,X12b_D0_Q_Control,0,10,25
122,X12bP122D14F,M,7.3,17.3,NA,59.04973393943041,X12b,D14,F,37571,Control,X12b_D14_F_Control,3.02118929906994,10,25
122,X12bP122D21C,M,7.3,17.3,NA,59.04973393943041,X12b,D21,C,25243,Control,X12b_D21_C_Control,3.38021124171161,10,25
122,X12bP122D21F,M,7.3,17.3,NA,59.04973393943041,X12b,D21,F,24059,Control,X12b_D21_F_Control,2.17609125905568,10,25
122,X12bP122D21X,M,7.3,17.3,NA,59.04973393943041,X12b,D21,X,19340,Control,X12b_D21_X_Control,1.90308998699194,10,25
122,X12bP122D2F,M,7.3,17.3,NA,59.04973393943041,X12b,D2,F,24789,Control,X12b_D2_F_Control,5.74036268949424,10,25
122,X12bP122D7F,M,7.3,17.3,NA,59.04973393943041,X12b,D7,F,27772,Control,X12b_D7_F_Control,1.69897000433602,10,25
126,X12bP1261D2F,NA,5.25,12.05,NA,48.356596169294846,X12b,D2,F,24377,Acid,X12b_D2_F_Acid,1.69897000433602,6.800000000000001,26
126,X12bP126D0F,NA,5.25,12.05,NA,48.356596169294846,X12b,D0,F,15964,Acid,X12b_D0_F_Acid,0,6.800000000000001,26
126,X12bP126D0Q,NA,5.25,12.05,NA,48.356596169294846,X12b,D0,Q,27580,Acid,X12b_D0_Q_Acid,0,6.800000000000001,26
126,X12bP126D14F,NA,5.25,12.05,NA,48.356596169294846,X12b,D14,F,20229,Acid,X12b_D14_F_Acid,1.69897000433602,6.800000000000001,26
126,X12bP126D21C,NA,5.25,12.05,NA,48.356596169294846,X12b,D21,C,32143,Acid,X12b_D21_C_Acid,0,6.800000000000001,26
126,X12bP126D21F,NA,5.25,12.05,NA,48.356596169294846,X12b,D21,F,17642,Acid,X12b_D21_F_Acid,1.69897000433602,6.800000000000001,26
126,X12bP126D7F,NA,5.25,12.05,NA,48.356596169294846,X12b,D7,F,36162,Acid,X12b_D7_F_Acid,4.09516935143176,6.800000000000001,26
138,X12bP138D0F,M,6.75,12.2,NA,33.9794000867204,X12b,D0,F,22074,RCS,X12b_D0_F_RCS,0,5.449999999999999,28
138,X12bP138D0Q,M,6.75,12.2,NA,33.9794000867204,X12b,D0,Q,25962,RCS,X12b_D0_Q_RCS,0,5.449999999999999,28
138,X12bP138D14F,M,6.75,12.2,NA,33.9794000867204,X12b,D14,F,24810,RCS,X12b_D14_F_RCS,1.69897000433602,5.449999999999999,28
138,X12bP138D21C,M,6.75,12.2,NA,33.9794000867204,X12b,D21,C,24096,RCS,X12b_D21_C_RCS,2.79239168949825,5.449999999999999,28
138,X12bP138D21F,M,6.75,12.2,NA,33.9794000867204,X12b,D21,F,24966,RCS,X12b_D21_F_RCS,1.69897000433602,5.449999999999999,28
138,X12bP138D2F,M,6.75,12.2,NA,33.9794000867204,X12b,D2,F,24258,RCS,X12b_D2_F_RCS,1.69897000433602,5.449999999999999,28
138,X12bP138D7F,M,6.75,12.2,NA,33.9794000867204,X12b,D7,F,23290,RCS,X12b_D7_F_RCS,1.69897000433602,5.449999999999999,28
141,X12bP141D0F,NA,5.4,11.8,NA,38.36153958343914,X12b,D0,F,19359,Bglu,X12b_D0_F_Bglu,0,6.4,29
141,X12bP141D0Q,NA,5.4,11.8,NA,38.36153958343914,X12b,D0,Q,19883,Bglu,X12b_D0_Q_Bglu,0,6.4,29
141,X12bP141D14F,NA,5.4,11.8,NA,38.36153958343914,X12b,D14,F,20190,Bglu,X12b_D14_F_Bglu,1.69897000433602,6.4,29
141,X12bP141D21C,NA,5.4,11.8,NA,38.36153958343914,X12b,D21,C,28397,Bglu,X12b_D21_C_Bglu,0,6.4,29
141,X12bP141D21F,NA,5.4,11.8,NA,38.36153958343914,X12b,D21,F,24071,Bglu,X12b_D21_F_Bglu,0,6.4,29
141,X12bP141D2F,NA,5.4,11.8,NA,38.36153958343914,X12b,D2,F,31433,Bglu,X12b_D2_F_Bglu,2.74036268949424,6.4,29
141,X12bP141D7F,NA,5.4,11.8,NA,38.36153958343914,X12b,D7,F,29551,Bglu,X12b_D7_F_Bglu,2.81291335664286,6.4,29
144,X12bP144D0F,M,7.75,15.5,NA,31.679033828565835,X12b,D0,F,18272,Bglu,X12b_D0_F_Bglu,0,7.75,29
144,X12bP144D0Q,M,7.75,15.5,NA,31.679033828565835,X12b,D0,Q,18285,Bglu,X12b_D0_Q_Bglu,0,7.75,29
144,X12bP144D14F,M,7.75,15.5,NA,31.679033828565835,X12b,D14,F,27561,Bglu,X12b_D14_F_Bglu,1.69897000433602,7.75,29
144,X12bP144D21C,M,7.75,15.5,NA,31.679033828565835,X12b,D21,C,24674,Bglu,X12b_D21_C_Bglu,3.23552844690755,7.75,29
144,X12bP144D21F,M,7.75,15.5,NA,31.679033828565835,X12b,D21,F,24688,Bglu,X12b_D21_F_Bglu,1.69897000433602,7.75,29
144,X12bP144D2F,M,7.75,15.5,NA,31.679033828565835,X12b,D2,F,23615,Bglu,X12b_D2_F_Bglu,3.95424250943932,7.75,29
144,X12bP144D7F,M,7.75,15.5,NA,31.679033828565835,X12b,D7,F,21140,Bglu,X12b_D7_F_Bglu,0,7.75,29
152,X12bP152D0F,F,6.35,14.8,NA,48.55017845530783,X12b,D0,F,37793,Acid,X12b_D0_F_Acid,0,8.450000000000001,31
152,X12bP152D0Q,F,6.35,14.8,NA,48.55017845530783,X12b,D0,Q,27692,Acid,X12b_D0_Q_Acid,0,8.450000000000001,31
152,X12bP152D14F,F,6.35,14.8,NA,48.55017845530783,X12b,D14,F,29439,Acid,X12b_D14_F_Acid,2.81291335664286,8.450000000000001,31
152,X12bP152D21C,F,6.35,14.8,NA,48.55017845530783,X12b,D21,C,24931,Acid,X12b_D21_C_Acid,0,8.450000000000001,31
152,X12bP152D21F,F,6.35,14.8,NA,48.55017845530783,X12b,D21,F,26711,Acid,X12b_D21_F_Acid,1.69897000433602,8.450000000000001,31
152,X12bP152D2F,F,6.35,14.8,NA,48.55017845530783,X12b,D2,F,33192,Acid,X12b_D2_F_Acid,2.60205999132796,8.450000000000001,31
152,X12bP152D7F,F,6.35,14.8,NA,48.55017845530783,X12b,D7,F,28801,Acid,X12b_D7_F_Acid,2.30102999566398,8.450000000000001,31
160,X12bP160D0F,F,5.15,13.85,NA,44.969631425385394,X12b,D0,F,28879,Control,X12b_D0_F_Control,0,8.7,32
160,X12bP160D0Q,F,5.15,13.85,NA,44.969631425385394,X12b,D0,Q,34216,Control,X12b_D0_Q_Control,0,8.7,32
160,X12bP160D14F,F,5.15,13.85,NA,44.969631425385394,X12b,D14,F,22061,Control,X12b_D14_F_Control,1.69897000433602,8.7,32
160,X12bP160D21C,F,5.15,13.85,NA,44.969631425385394,X12b,D21,C,30184,Control,X12b_D21_C_Control,2.41497334797082,8.7,32
160,X12bP160D21F,F,5.15,13.85,NA,44.969631425385394,X12b,D21,F,17226,Control,X12b_D21_F_Control,1.69897000433602,8.7,32
160,X12bP160D21X,F,5.15,13.85,NA,44.969631425385394,X12b,D21,X,24976,Control,X12b_D21_X_Control,0,8.7,32
160,X12bP160D2F,F,5.15,13.85,NA,44.969631425385394,X12b,D2,F,30740,Control,X12b_D2_F_Control,2.92941892571429,8.7,32
160,X12bP160D7F,F,5.15,13.85,NA,44.969631425385394,X12b,D7,F,23799,Control,X12b_D7_F_Control,2.81291335664286,8.7,32
175,X12bP175D0F,F,7.45,15.05,NA,39.58661005636826,X12b,D0,F,29325,RCS,X12b_D0_F_RCS,0,7.6000000000000005,35
175,X12bP175D0Q,F,7.45,15.05,NA,39.58661005636826,X12b,D0,Q,43341,RCS,X12b_D0_Q_RCS,0,7.6000000000000005,35
175,X12bP175D14F,F,7.45,15.05,NA,39.58661005636826,X12b,D14,F,24094,RCS,X12b_D14_F_RCS,1.69897000433602,7.6000000000000005,35
175,X12bP175D21C,F,7.45,15.05,NA,39.58661005636826,X12b,D21,C,31333,RCS,X12b_D21_C_RCS,0,7.6000000000000005,35
175,X12bP175D21F,F,7.45,15.05,NA,39.58661005636826,X12b,D21,F,39264,RCS,X12b_D21_F_RCS,1.69897000433602,7.6000000000000005,35
175,X12bP175D2F,F,7.45,15.05,NA,39.58661005636826,X12b,D2,F,19880,RCS,X12b_D2_F_RCS,3.30102999566398,7.6000000000000005,35
175,X12bP175D7F,F,7.45,15.05,NA,39.58661005636826,X12b,D7,F,21432,RCS,X12b_D7_F_RCS,1.69897000433602,7.6000000000000005,35
178,X12bP178D0F,F,7.15,17,NA,35.785580060704284,X12b,D0,F,6718,Acid,X12b_D0_F_Acid,0,9.85,36
178,X12bP178D0Q,F,7.15,17,NA,35.785580060704284,X12b,D0,Q,34824,Acid,X12b_D0_Q_Acid,0,9.85,36
178,X12bP178D14F,F,7.15,17,NA,35.785580060704284,X12b,D14,F,33041,Acid,X12b_D14_F_Acid,1.69897000433602,9.85,36
178,X12bP178D21C,F,7.15,17,NA,35.785580060704284,X12b,D21,C,26204,Acid,X12b_D21_C_Acid,1.30102999566398,9.85,36
178,X12bP178D21F,F,7.15,17,NA,35.785580060704284,X12b,D21,F,23147,Acid,X12b_D21_F_Acid,1.69897000433602,9.85,36
178,X12bP178D2F,F,7.15,17,NA,35.785580060704284,X12b,D2,F,27792,Acid,X12b_D2_F_Acid,1.69897000433602,9.85,36
178,X12bP178D7F,F,7.15,17,NA,35.785580060704284,X12b,D7,F,24121,Acid,X12b_D7_F_Acid,2,9.85,36
181,X12bP181D0F,M,7.2,17.5,NA,23.785580060704284,X12b,D0,F,23925,RPS,X12b_D0_F_RPS,0,10.3,37
181,X12bP181D0Q,M,7.2,17.5,NA,23.785580060704284,X12b,D0,Q,38759,RPS,X12b_D0_Q_RPS,0,10.3,37
181,X12bP181D14F,M,7.2,17.5,NA,23.785580060704284,X12b,D14,F,26980,RPS,X12b_D14_F_RPS,1.69897000433602,10.3,37
181,X12bP181D21C,M,7.2,17.5,NA,23.785580060704284,X12b,D21,C,28838,RPS,X12b_D21_C_RPS,2.07918124604762,10.3,37
181,X12bP181D21F,M,7.2,17.5,NA,23.785580060704284,X12b,D21,F,25777,RPS,X12b_D21_F_RPS,1.69897000433602,10.3,37
181,X12bP181D21X,M,7.2,17.5,NA,23.785580060704284,X12b,D21,X,35895,RPS,X12b_D21_X_RPS,0,10.3,37
181,X12bP181D7F,M,7.2,17.5,NA,23.785580060704284,X12b,D7,F,21830,RPS,X12b_D7_F_RPS,0,10.3,37
191,X12bP191D0F,M,8.6,14.75,NA,38.743423200754194,X12b,D0,F,22761,Control,X12b_D0_F_Control,0,6.15,39
191,X12bP191D0Q,M,8.6,14.75,NA,38.743423200754194,X12b,D0,Q,28764,Control,X12b_D0_Q_Control,0,6.15,39
191,X12bP191D14F,M,8.6,14.75,NA,38.743423200754194,X12b,D14,F,26476,Control,X12b_D14_F_Control,1.69897000433602,6.15,39
191,X12bP191D21C,M,8.6,14.75,NA,38.743423200754194,X12b,D21,C,26911,Control,X12b_D21_C_Control,1.30102999566398,6.15,39
191,X12bP191D21F,M,8.6,14.75,NA,38.743423200754194,X12b,D21,F,22368,Control,X12b_D21_F_Control,1.69897000433602,6.15,39
191,X12bP191D21X,M,8.6,14.75,NA,38.743423200754194,X12b,D21,X,31151,Control,X12b_D21_X_Control,0,6.15,39
191,X12bP191D2F,M,8.6,14.75,NA,38.743423200754194,X12b,D2,F,24596,Control,X12b_D2_F_Control,2.54406804435028,6.15,39
191,X12bP191D7F,M,8.6,14.75,NA,38.743423200754194,X12b,D7,F,37783,Control,X12b_D7_F_Control,2,6.15,39
198,X12bP198D0F,M,6.5,12.15,NA,53.76049390661423,X12b,D0,F,29296,RCS,X12b_D0_F_RCS,0,5.65,40
198,X12bP198D0Q,M,6.5,12.15,NA,53.76049390661423,X12b,D0,Q,32246,RCS,X12b_D0_Q_RCS,0,5.65,40
198,X12bP198D14F,M,6.5,12.15,NA,53.76049390661423,X12b,D14,F,48129,RCS,X12b_D14_F_RCS,1.69897000433602,5.65,40
198,X12bP198D21C,M,6.5,12.15,NA,53.76049390661423,X12b,D21,C,22648,RCS,X12b_D21_C_RCS,1.60205999132796,5.65,40
198,X12bP198D21F,M,6.5,12.15,NA,53.76049390661423,X12b,D21,F,29755,RCS,X12b_D21_F_RCS,1.69897000433602,5.65,40
198,X12bP198D2F,M,6.5,12.15,NA,53.76049390661423,X12b,D2,F,33555,RCS,X12b_D2_F_RCS,4.95424250943933,5.65,40
198,X12bP198D7F,M,6.5,12.15,NA,53.76049390661423,X12b,D7,F,21601,RCS,X12b_D7_F_RCS,3.09691001300806,5.65,40
211,X12bP211D0F,M,6.15,13.9,NA,30.892790030352142,X12b,D0,F,24698,Acid,X12b_D0_F_Acid,0,7.75,43
211,X12bP211D0Q,M,6.15,13.9,NA,30.892790030352142,X12b,D0,Q,18498,Acid,X12b_D0_Q_Acid,0,7.75,43
211,X12bP211D21C,M,6.15,13.9,NA,30.892790030352142,X12b,D21,C,28546,Acid,X12b_D21_C_Acid,0,7.75,43
211,X12bP211D21F,M,6.15,13.9,NA,30.892790030352142,X12b,D21,F,23656,Acid,X12b_D21_F_Acid,0,7.75,43
211,X12bP211D2F,M,6.15,13.9,NA,30.892790030352142,X12b,D2,F,23364,Acid,X12b_D2_F_Acid,2,7.75,43
219,X12bP219D0F,M,6.15,12.5,NA,64.27066004039568,X12b,D0,F,22101,ZnCu,X12b_D0_F_ZnCu,0,6.35,44
219,X12bP219D0Q,M,6.15,12.5,NA,64.27066004039568,X12b,D0,Q,15529,ZnCu,X12b_D0_Q_ZnCu,0,6.35,44
219,X12bP219D14F,M,6.15,12.5,NA,64.27066004039568,X12b,D14,F,18363,ZnCu,X12b_D14_F_ZnCu,2.69897000433602,6.35,44
219,X12bP219D21C,M,6.15,12.5,NA,64.27066004039568,X12b,D21,C,27075,ZnCu,X12b_D21_C_ZnCu,2.7160033436348,6.35,44
219,X12bP219D21F,M,6.15,12.5,NA,64.27066004039568,X12b,D21,F,11709,ZnCu,X12b_D21_F_ZnCu,3.16136800223497,6.35,44
219,X12bP219D2F,M,6.15,12.5,NA,64.27066004039568,X12b,D2,F,24596,ZnCu,X12b_D2_F_ZnCu,4.8750612633917,6.35,44
219,X12bP219D7F,M,6.15,12.5,NA,64.27066004039568,X12b,D7,F,25545,ZnCu,X12b_D7_F_ZnCu,2.8750612633917,6.35,44
224,X12bP224D0F,F,4.9,12,NA,56.12655793074365,X12b,D0,F,30395,Control,X12b_D0_F_Control,0,7.1,45
224,X12bP224D0Q,F,4.9,12,NA,56.12655793074365,X12b,D0,Q,14628,Control,X12b_D0_Q_Control,0,7.1,45
224,X12bP224D14F,F,4.9,12,NA,56.12655793074365,X12b,D14,F,29375,Control,X12b_D14_F_Control,1.69897000433602,7.1,45
224,X12bP224D21C,F,4.9,12,NA,56.12655793074365,X12b,D21,C,24495,Control,X12b_D21_C_Control,2.41497334797082,7.1,45
224,X12bP224D21F,F,4.9,12,NA,56.12655793074365,X12b,D21,F,22901,Control,X12b_D21_F_Control,1.69897000433602,7.1,45
224,X12bP224D21X,F,4.9,12,NA,56.12655793074365,X12b,D21,X,24439,Control,X12b_D21_X_Control,1.30102999566398,7.1,45
224,X12bP224D2F,F,4.9,12,NA,56.12655793074365,X12b,D2,F,21203,Control,X12b_D2_F_Control,2.81291335664286,7.1,45
224,X12bP224D7F,F,4.9,12,NA,56.12655793074365,X12b,D7,F,26452,Control,X12b_D7_F_Control,4.74036268949424,7.1,45
226,X12bP226D0F,NA,5.9,10.65,NA,36.842127615038365,X12b,D0,F,30013,Bglu,X12b_D0_F_Bglu,0,4.75,46
226,X12bP226D0Q,NA,5.9,10.65,NA,36.842127615038365,X12b,D0,Q,23667,Bglu,X12b_D0_Q_Bglu,0,4.75,46
226,X12bP226D14F,NA,5.9,10.65,NA,36.842127615038365,X12b,D14,F,19811,Bglu,X12b_D14_F_Bglu,1.69897000433602,4.75,46
226,X12bP226D21C,NA,5.9,10.65,NA,36.842127615038365,X12b,D21,C,26471,Bglu,X12b_D21_C_Bglu,0,4.75,46
226,X12bP226D21F,NA,5.9,10.65,NA,36.842127615038365,X12b,D21,F,29803,Bglu,X12b_D21_F_Bglu,1.69897000433602,4.75,46
226,X12bP226D2F,NA,5.9,10.65,NA,36.842127615038365,X12b,D2,F,27932,Bglu,X12b_D2_F_Bglu,1.69897000433602,4.75,46
226,X12bP226D7F,NA,5.9,10.65,NA,36.842127615038365,X12b,D7,F,19189,Bglu,X12b_D7_F_Bglu,2.17609125905568,4.75,46
228,X12bP228D0F,F,7,13.75,NA,46.28770271633908,X12b,D0,F,20943,Bglu,X12b_D0_F_Bglu,0,6.75,46
228,X12bP228D0Q,F,7,13.75,NA,46.28770271633908,X12b,D0,Q,11021,Bglu,X12b_D0_Q_Bglu,0,6.75,46
228,X12bP228D14F,F,7,13.75,NA,46.28770271633908,X12b,D14,F,27019,Bglu,X12b_D14_F_Bglu,2,6.75,46
228,X12bP228D21C,F,7,13.75,NA,46.28770271633908,X12b,D21,C,26300,Bglu,X12b_D21_C_Bglu,2,6.75,46
228,X12bP228D21F,F,7,13.75,NA,46.28770271633908,X12b,D21,F,24253,Bglu,X12b_D21_F_Bglu,1.69897000433602,6.75,46
228,X12bP228D2F,F,7,13.75,NA,46.28770271633908,X12b,D2,F,20503,Bglu,X12b_D2_F_Bglu,2.97772360528885,6.75,46
228,X12bP228D7F,F,7,13.75,NA,46.28770271633908,X12b,D7,F,30826,Bglu,X12b_D7_F_Bglu,2.65321251377534,6.75,46
22,X12bP22D0F,M,6.45,12.3,NA,43.086610056368265,X12b,D0,F,30723,RCS,X12b_D0_F_RCS,0,5.8500000000000005,5
22,X12bP22D0Q,M,6.45,12.3,NA,43.086610056368265,X12b,D0,Q,15987,RCS,X12b_D0_Q_RCS,0,5.8500000000000005,5
22,X12bP22D14F,M,6.45,12.3,NA,43.086610056368265,X12b,D14,F,23706,RCS,X12b_D14_F_RCS,1.69897000433602,5.8500000000000005,5
22,X12bP22D21C,M,6.45,12.3,NA,43.086610056368265,X12b,D21,C,27092,RCS,X12b_D21_C_RCS,1.60205999132796,5.8500000000000005,5
22,X12bP22D21F,M,6.45,12.3,NA,43.086610056368265,X12b,D21,F,32254,RCS,X12b_D21_F_RCS,2,5.8500000000000005,5
22,X12bP22D2F,M,6.45,12.3,NA,43.086610056368265,X12b,D2,F,36071,RCS,X12b_D2_F_RCS,4,5.8500000000000005,5
22,X12bP22D7F,M,6.45,12.3,NA,43.086610056368265,X12b,D7,F,27755,RCS,X12b_D7_F_RCS,1.69897000433602,5.8500000000000005,5
237,X12bP237D0F,NA,5.75,16,NA,32.58661005636826,X12b,D0,F,19275,Bglu,X12b_D0_F_Bglu,0,10.25,48
237,X12bP237D14F,NA,5.75,16,NA,32.58661005636826,X12b,D14,F,32280,Bglu,X12b_D14_F_Bglu,1.69897000433602,10.25,48
237,X12bP237D21F,NA,5.75,16,NA,32.58661005636826,X12b,D21,F,19156,Bglu,X12b_D21_F_Bglu,0,10.25,48
237,X12bP237D2F,NA,5.75,16,NA,32.58661005636826,X12b,D2,F,25209,Bglu,X12b_D2_F_Bglu,3,10.25,48
237,X12bP237D7F,NA,5.75,16,NA,32.58661005636826,X12b,D7,F,22103,Bglu,X12b_D7_F_Bglu,1.69897000433602,10.25,48
240,X12bP240D0F,M,8.9,15.05,NA,42.34664271313419,X12b,D0,F,21424,Bglu,X12b_D0_F_Bglu,0,6.15,48
240,X12bP240D0Q,M,8.9,15.05,NA,42.34664271313419,X12b,D0,Q,18684,Bglu,X12b_D0_Q_Bglu,0,6.15,48
240,X12bP240D14F,M,8.9,15.05,NA,42.34664271313419,X12b,D14,F,24576,Bglu,X12b_D14_F_Bglu,1.69897000433602,6.15,48
240,X12bP240D21C,M,8.9,15.05,NA,42.34664271313419,X12b,D21,C,19310,Bglu,X12b_D21_C_Bglu,0,6.15,48
240,X12bP240D21F,M,8.9,15.05,NA,42.34664271313419,X12b,D21,F,19030,Bglu,X12b_D21_F_Bglu,0,6.15,48
240,X12bP240D2F,M,8.9,15.05,NA,42.34664271313419,X12b,D2,F,27441,Bglu,X12b_D2_F_Bglu,1.69897000433602,6.15,48
244,X12bP244D0F,F,6.75,15.9,NA,49.521825181113606,X12b,D0,F,41396,RPS,X12b_D0_F_RPS,0,9.15,49
244,X12bP244D0Q,F,6.75,15.9,NA,49.521825181113606,X12b,D0,Q,18624,RPS,X12b_D0_Q_RPS,0,9.15,49
244,X12bP244D14F,F,6.75,15.9,NA,49.521825181113606,X12b,D14,F,31571,RPS,X12b_D14_F_RPS,2.65321251377534,9.15,49
244,X12bP244D21C,F,6.75,15.9,NA,49.521825181113606,X12b,D21,C,34429,RPS,X12b_D21_C_RPS,2.25527250510331,9.15,49
244,X12bP244D21F,F,6.75,15.9,NA,49.521825181113606,X12b,D21,F,24410,RPS,X12b_D21_F_RPS,1.69897000433602,9.15,49
244,X12bP244D21X,F,6.75,15.9,NA,49.521825181113606,X12b,D21,X,22422,RPS,X12b_D21_X_RPS,0,9.15,49
244,X12bP244D2F,F,6.75,15.9,NA,49.521825181113606,X12b,D2,F,16811,RPS,X12b_D2_F_RPS,1.69897000433602,9.15,49
244,X12bP244D7F,F,6.75,15.9,NA,49.521825181113606,X12b,D7,F,30540,RPS,X12b_D7_F_RPS,3.17609125905568,9.15,49
253,X12bP253D0F,F,7.45,14.55,NA,42.785580060704284,X12b,D0,F,30656,Bglu,X12b_D0_F_Bglu,0,7.1000000000000005,51
253,X12bP253D0Q,F,7.45,14.55,NA,42.785580060704284,X12b,D0,Q,17050,Bglu,X12b_D0_Q_Bglu,0,7.1000000000000005,51
253,X12bP253D21C,F,7.45,14.55,NA,42.785580060704284,X12b,D21,C,26864,Bglu,X12b_D21_C_Bglu,0,7.1000000000000005,51
253,X12bP253D21F,F,7.45,14.55,NA,42.785580060704284,X12b,D21,F,37814,Bglu,X12b_D21_F_Bglu,1.69897000433602,7.1000000000000005,51
253,X12bP253D2F,F,7.45,14.55,NA,42.785580060704284,X12b,D2,F,25884,Bglu,X12b_D2_F_Bglu,3.69897000433602,7.1000000000000005,51
253,X12bP253D7F,F,7.45,14.55,NA,42.785580060704284,X12b,D7,F,21550,Bglu,X12b_D7_F_Bglu,2,7.1000000000000005,51
265,X12bP265D0F,F,7.6,14.65,NA,56.065656991381104,X12b,D0,F,22409,ZnCu,X12b_D0_F_ZnCu,0,7.050000000000001,53
265,X12bP265D0Q,F,7.6,14.65,NA,56.065656991381104,X12b,D0,Q,21788,ZnCu,X12b_D0_Q_ZnCu,0,7.050000000000001,53
265,X12bP265D14F,F,7.6,14.65,NA,56.065656991381104,X12b,D14,F,20658,ZnCu,X12b_D14_F_ZnCu,3,7.050000000000001,53
265,X12bP265D21C,F,7.6,14.65,NA,56.065656991381104,X12b,D21,C,28355,ZnCu,X12b_D21_C_ZnCu,2.55630250076729,7.050000000000001,53
265,X12bP265D21F,F,7.6,14.65,NA,56.065656991381104,X12b,D21,F,26351,ZnCu,X12b_D21_F_ZnCu,2.39794000867204,7.050000000000001,53
265,X12bP265D2F,F,7.6,14.65,NA,56.065656991381104,X12b,D2,F,25506,ZnCu,X12b_D2_F_ZnCu,2.17609125905568,7.050000000000001,53
265,X12bP265D7F,F,7.6,14.65,NA,56.065656991381104,X12b,D7,F,35785,ZnCu,X12b_D7_F_ZnCu,3.17609125905568,7.050000000000001,53
26,X12bP26D0F,M,5.4,11.05,NA,35.03300507154433,X12b,D0,F,18388,Acid,X12b_D0_F_Acid,0,5.65,6
26,X12bP26D0Q,M,5.4,11.05,NA,35.03300507154433,X12b,D0,Q,45414,Acid,X12b_D0_Q_Acid,0,5.65,6
26,X12bP26D14F,M,5.4,11.05,NA,35.03300507154433,X12b,D14,F,30268,Acid,X12b_D14_F_Acid,1.69897000433602,5.65,6
26,X12bP26D21C,M,5.4,11.05,NA,35.03300507154433,X12b,D21,C,34463,Acid,X12b_D21_C_Acid,2.07918124604762,5.65,6
26,X12bP26D21F,M,5.4,11.05,NA,35.03300507154433,X12b,D21,F,31431,Acid,X12b_D21_F_Acid,2,5.65,6
26,X12bP26D2F,M,5.4,11.05,NA,35.03300507154433,X12b,D2,F,22813,Acid,X12b_D2_F_Acid,1.69897000433602,5.65,6
26,X12bP26D7F,M,5.4,11.05,NA,35.03300507154433,X12b,D7,F,21118,Acid,X12b_D7_F_Acid,1.69897000433602,5.65,6
237,X12bP273D21C,NA,5.75,16,NA,32.58661005636826,X12b,D21,C,23976,Bglu,X12b_D21_C_Bglu,2.38021124171161,10.25,48
295,X12bP295D0F,M,7.35,19.4,NA,42.83957629636828,X12b,D0,F,26845,ZnCu,X12b_D0_F_ZnCu,0,12.049999999999999,59
295,X12bP295D0Q,M,7.35,19.4,NA,42.83957629636828,X12b,D0,Q,21896,ZnCu,X12b_D0_Q_ZnCu,0,12.049999999999999,59
295,X12bP295D14F,M,7.35,19.4,NA,42.83957629636828,X12b,D14,F,19750,ZnCu,X12b_D14_F_ZnCu,1.69897000433602,12.049999999999999,59
295,X12bP295D21C,M,7.35,19.4,NA,42.83957629636828,X12b,D21,C,34219,ZnCu,X12b_D21_C_ZnCu,2.34242268082221,12.049999999999999,59
295,X12bP295D21F,M,7.35,19.4,NA,42.83957629636828,X12b,D21,F,22291,ZnCu,X12b_D21_F_ZnCu,3.23044892137827,12.049999999999999,59
295,X12bP295D2F,M,7.35,19.4,NA,42.83957629636828,X12b,D2,F,27972,ZnCu,X12b_D2_F_ZnCu,2.69897000433602,12.049999999999999,59
295,X12bP295D7F,M,7.35,19.4,NA,42.83957629636828,X12b,D7,F,26175,ZnCu,X12b_D7_F_ZnCu,1.69897000433602,12.049999999999999,59
321,X12bP321D0F,M,6.7,15.2,NA,28.03300507154433,X12b,D0,F,25292,RPS,X12b_D0_F_RPS,0,8.5,65
321,X12bP321D0Q,M,6.7,15.2,NA,28.03300507154433,X12b,D0,Q,16116,RPS,X12b_D0_Q_RPS,0,8.5,65
321,X12bP321D14F,M,6.7,15.2,NA,28.03300507154433,X12b,D14,F,31514,RPS,X12b_D14_F_RPS,1.69897000433602,8.5,65
321,X12bP321D21C,M,6.7,15.2,NA,28.03300507154433,X12b,D21,C,24032,RPS,X12b_D21_C_RPS,1.77815125038364,8.5,65
321,X12bP321D21F,M,6.7,15.2,NA,28.03300507154433,X12b,D21,F,27658,RPS,X12b_D21_F_RPS,1.69897000433602,8.5,65
321,X12bP321D21X,M,6.7,15.2,NA,28.03300507154433,X12b,D21,X,30752,RPS,X12b_D21_X_RPS,1.30102999566398,8.5,65
321,X12bP321D2F,M,6.7,15.2,NA,28.03300507154433,X12b,D2,F,34577,RPS,X12b_D2_F_RPS,0,8.5,65
321,X12bP321D7F,M,6.7,15.2,NA,28.03300507154433,X12b,D7,F,19855,RPS,X12b_D7_F_RPS,1.69897000433602,8.5,65
326,X12bP326D0F,F,8.25,18.9,NA,47.54211450859135,X12b,D0,F,37301,ZnCu,X12b_D0_F_ZnCu,0,10.649999999999999,66
326,X12bP326D0Q,F,8.25,18.9,NA,47.54211450859135,X12b,D0,Q,34978,ZnCu,X12b_D0_Q_ZnCu,0,10.649999999999999,66
326,X12bP326D14F,F,8.25,18.9,NA,47.54211450859135,X12b,D14,F,28489,ZnCu,X12b_D14_F_ZnCu,2.39794000867204,10.649999999999999,66
326,X12bP326D21C,F,8.25,18.9,NA,47.54211450859135,X12b,D21,C,29107,ZnCu,X12b_D21_C_ZnCu,2.55630250076729,10.649999999999999,66
326,X12bP326D21F,F,8.25,18.9,NA,47.54211450859135,X12b,D21,F,35925,ZnCu,X12b_D21_F_ZnCu,2.69897000433602,10.649999999999999,66
326,X12bP326D2F,F,8.25,18.9,NA,47.54211450859135,X12b,D2,F,15846,ZnCu,X12b_D2_F_ZnCu,3.17609125905568,10.649999999999999,66
326,X12bP326D7F,F,8.25,18.9,NA,47.54211450859135,X12b,D7,F,29183,ZnCu,X12b_D7_F_ZnCu,1.69897000433602,10.649999999999999,66
337,X12bP337D0F,NA,6.45,14.75,NA,66.20657193070778,X12b,D0,F,26428,Control,X12b_D0_F_Control,0,8.3,68
337,X12bP337D0Q,NA,6.45,14.75,NA,66.20657193070778,X12b,D0,Q,32408,Control,X12b_D0_Q_Control,0,8.3,68
337,X12bP337D14F,NA,6.45,14.75,NA,66.20657193070778,X12b,D14,F,24814,Control,X12b_D14_F_Control,2.69897000433602,8.3,68
337,X12bP337D21C,NA,6.45,14.75,NA,66.20657193070778,X12b,D21,C,30516,Control,X12b_D21_C_Control,3.57978359661681,8.3,68
337,X12bP337D21F,NA,6.45,14.75,NA,66.20657193070778,X12b,D21,F,35025,Control,X12b_D21_F_Control,2.39794000867204,8.3,68
337,X12bP337D21X,NA,6.45,14.75,NA,66.20657193070778,X12b,D21,X,24199,Control,X12b_D21_X_Control,2.47712125471966,8.3,68
337,X12bP337D2F,NA,6.45,14.75,NA,66.20657193070778,X12b,D2,F,32206,Control,X12b_D2_F_Control,4.64345267648619,8.3,68
337,X12bP337D7F,NA,6.45,14.75,NA,66.20657193070778,X12b,D7,F,21892,Control,X12b_D7_F_Control,3.77815125038364,8.3,68
345,X12bP345D0F,NA,6.6,16.45,NA,32.79702818557812,X12b,D0,F,20410,Control,X12b_D0_F_Control,0,9.85,69
345,X12bP345D0Q,NA,6.6,16.45,NA,32.79702818557812,X12b,D0,Q,31704,Control,X12b_D0_Q_Control,0,9.85,69
345,X12bP345D14F,NA,6.6,16.45,NA,32.79702818557812,X12b,D14,F,25399,Control,X12b_D14_F_Control,1.69897000433602,9.85,69
345,X12bP345D21C,NA,6.6,16.45,NA,32.79702818557812,X12b,D21,C,29785,Control,X12b_D21_C_Control,1.30102999566398,9.85,69
345,X12bP345D21F,NA,6.6,16.45,NA,32.79702818557812,X12b,D21,F,19753,Control,X12b_D21_F_Control,0,9.85,69
345,X12bP345D21X,NA,6.6,16.45,NA,32.79702818557812,X12b,D21,X,23480,Control,X12b_D21_X_Control,0,9.85,69
345,X12bP345D2F,NA,6.6,16.45,NA,32.79702818557812,X12b,D2,F,24987,Control,X12b_D2_F_Control,2.54406804435028,9.85,69
345,X12bP345D7F,NA,6.6,16.45,NA,32.79702818557812,X12b,D7,F,18757,Control,X12b_D7_F_Control,2,9.85,69
348,X12bP348D0F,NA,5.95,14.7,NA,58.53921003821371,X12b,D0,F,15039,Acid,X12b_D0_F_Acid,0,8.75,70
348,X12bP348D0Q,NA,5.95,14.7,NA,58.53921003821371,X12b,D0,Q,28966,Acid,X12b_D0_Q_Acid,0,8.75,70
348,X12bP348D14F,NA,5.95,14.7,NA,58.53921003821371,X12b,D14,F,27738,Acid,X12b_D14_F_Acid,2.47712125471966,8.75,70
348,X12bP348D21C,NA,5.95,14.7,NA,58.53921003821371,X12b,D21,C,32121,Acid,X12b_D21_C_Acid,1.90308998699194,8.75,70
348,X12bP348D21F,NA,5.95,14.7,NA,58.53921003821371,X12b,D21,F,31312,Acid,X12b_D21_F_Acid,1.69897000433602,8.75,70
348,X12bP348D2F,NA,5.95,14.7,NA,58.53921003821371,X12b,D2,F,19819,Acid,X12b_D2_F_Acid,4.92941892571429,8.75,70
348,X12bP348D7F,NA,5.95,14.7,NA,58.53921003821371,X12b,D7,F,19256,Acid,X12b_D7_F_Acid,3,8.75,70
355,X12bP355D0F,NA,6.05,14.35,NA,37.4794000867204,X12b,D0,F,21700,RPS,X12b_D0_F_RPS,0,8.3,71
355,X12bP355D0Q,NA,6.05,14.35,NA,37.4794000867204,X12b,D0,Q,19240,RPS,X12b_D0_Q_RPS,0,8.3,71
355,X12bP355D14F,NA,6.05,14.35,NA,37.4794000867204,X12b,D14,F,29174,RPS,X12b_D14_F_RPS,1.69897000433602,8.3,71
355,X12bP355D21C,NA,6.05,14.35,NA,37.4794000867204,X12b,D21,C,29906,RPS,X12b_D21_C_RPS,2.50514997831991,8.3,71
355,X12bP355D21F,NA,6.05,14.35,NA,37.4794000867204,X12b,D21,F,22115,RPS,X12b_D21_F_RPS,1.69897000433602,8.3,71
355,X12bP355D21X,NA,6.05,14.35,NA,37.4794000867204,X12b,D21,X,26981,RPS,X12b_D21_X_RPS,1.30102999566398,8.3,71
355,X12bP355D2F,NA,6.05,14.35,NA,37.4794000867204,X12b,D2,F,23439,RPS,X12b_D2_F_RPS,2.69897000433602,8.3,71
355,X12bP355D7F,NA,6.05,14.35,NA,37.4794000867204,X12b,D7,F,18867,RPS,X12b_D7_F_RPS,1.69897000433602,8.3,71
361,X12bP361D0F,M,5.65,9.55,NA,40.07710511625494,X12b,D0,F,29342,Acid,X12b_D0_F_Acid,0,3.9000000000000004,73
361,X12bP361D0Q,M,5.65,9.55,NA,40.07710511625494,X12b,D0,Q,36295,Acid,X12b_D0_Q_Acid,0,3.9000000000000004,73
361,X12bP361D14F,M,5.65,9.55,NA,40.07710511625494,X12b,D14,F,21180,Acid,X12b_D14_F_Acid,1.69897000433602,3.9000000000000004,73
361,X12bP361D21C,M,5.65,9.55,NA,40.07710511625494,X12b,D21,C,29278,Acid,X12b_D21_C_Acid,0,3.9000000000000004,73
361,X12bP361D21F,M,5.65,9.55,NA,40.07710511625494,X12b,D21,F,36500,Acid,X12b_D21_F_Acid,0,3.9000000000000004,73
361,X12bP361D2F,M,5.65,9.55,NA,40.07710511625494,X12b,D2,F,23353,Acid,X12b_D2_F_Acid,4.32221929473392,3.9000000000000004,73
361,X12bP361D7F,M,5.65,9.55,NA,40.07710511625494,X12b,D7,F,25020,Acid,X12b_D7_F_Acid,2.17609125905568,3.9000000000000004,73
373,X12bP373D0F,NA,5.05,16.2,NA,29.086610056368258,X12b,D0,F,15189,RPS,X12b_D0_F_RPS,0,11.149999999999999,75
373,X12bP373D0Q,NA,5.05,16.2,NA,29.086610056368258,X12b,D0,Q,10603,RPS,X12b_D0_Q_RPS,0,11.149999999999999,75
373,X12bP373D14F,NA,5.05,16.2,NA,29.086610056368258,X12b,D14,F,35566,RPS,X12b_D14_F_RPS,1.69897000433602,11.149999999999999,75
373,X12bP373D21C,NA,5.05,16.2,NA,29.086610056368258,X12b,D21,C,32935,RPS,X12b_D21_C_RPS,0,11.149999999999999,75
373,X12bP373D21F,NA,5.05,16.2,NA,29.086610056368258,X12b,D21,F,21219,RPS,X12b_D21_F_RPS,0,11.149999999999999,75
373,X12bP373D21X,NA,5.05,16.2,NA,29.086610056368258,X12b,D21,X,22716,RPS,X12b_D21_X_RPS,0,11.149999999999999,75
373,X12bP373D2F,NA,5.05,16.2,NA,29.086610056368258,X12b,D2,F,25416,RPS,X12b_D2_F_RPS,2,11.149999999999999,75
373,X12bP373D7F,NA,5.05,16.2,NA,29.086610056368258,X12b,D7,F,36742,RPS,X12b_D7_F_RPS,1.69897000433602,11.149999999999999,75
378,X12bP378D0F,F,5.6,16.2,NA,33.9794000867204,X12b,D0,F,21586,Acid,X12b_D0_F_Acid,0,10.6,76
378,X12bP378D0Q,F,5.6,16.2,NA,33.9794000867204,X12b,D0,Q,30221,Acid,X12b_D0_Q_Acid,0,10.6,76
378,X12bP378D14F,F,5.6,16.2,NA,33.9794000867204,X12b,D14,F,32475,Acid,X12b_D14_F_Acid,1.69897000433602,10.6,76
378,X12bP378D21C,F,5.6,16.2,NA,33.9794000867204,X12b,D21,C,23620,Acid,X12b_D21_C_Acid,0,10.6,76
378,X12bP378D21F,F,5.6,16.2,NA,33.9794000867204,X12b,D21,F,17913,Acid,X12b_D21_F_Acid,1.69897000433602,10.6,76
378,X12bP378D2F,F,5.6,16.2,NA,33.9794000867204,X12b,D2,F,22034,Acid,X12b_D2_F_Acid,1.69897000433602,10.6,76
378,X12bP378D7F,F,5.6,16.2,NA,33.9794000867204,X12b,D7,F,25765,Acid,X12b_D7_F_Acid,1.69897000433602,10.6,76
392,X12bP392D0F,F,6.05,13,NA,19.640215041192192,X12b,D0,F,22517,RPS,X12b_D0_F_RPS,0,6.95,79
392,X12bP392D0Q,F,6.05,13,NA,19.640215041192192,X12b,D0,Q,15394,RPS,X12b_D0_Q_RPS,0,6.95,79
392,X12bP392D14F,F,6.05,13,NA,19.640215041192192,X12b,D14,F,27238,RPS,X12b_D14_F_RPS,0,6.95,79
392,X12bP392D21C,F,6.05,13,NA,19.640215041192192,X12b,D21,C,29265,RPS,X12b_D21_C_RPS,0,6.95,79
392,X12bP392D21F,F,6.05,13,NA,19.640215041192192,X12b,D21,F,26052,RPS,X12b_D21_F_RPS,0,6.95,79
392,X12bP392D21X,F,6.05,13,NA,19.640215041192192,X12b,D21,X,28496,RPS,X12b_D21_X_RPS,0,6.95,79
392,X12bP392D2F,F,6.05,13,NA,19.640215041192192,X12b,D2,F,30679,RPS,X12b_D2_F_RPS,2.69897000433602,6.95,79
392,X12bP392D7F,F,6.05,13,NA,19.640215041192192,X12b,D7,F,24438,RPS,X12b_D7_F_RPS,1.69897000433602,6.95,79
397,X12bP397D0F,F,8.15,17.6,NA,43.72775619766973,X12b,D0,F,25940,RCS,X12b_D0_F_RCS,0,9.450000000000001,80
397,X12bP397D0Q,F,8.15,17.6,NA,43.72775619766973,X12b,D0,Q,30586,RCS,X12b_D0_Q_RCS,0,9.450000000000001,80
397,X12bP397D14F,F,8.15,17.6,NA,43.72775619766973,X12b,D14,F,19227,RCS,X12b_D14_F_RCS,1.69897000433602,9.450000000000001,80
397,X12bP397D21C,F,8.15,17.6,NA,43.72775619766973,X12b,D21,C,25588,RCS,X12b_D21_C_RCS,1.30102999566398,9.450000000000001,80
397,X12bP397D21F,F,8.15,17.6,NA,43.72775619766973,X12b,D21,F,35062,RCS,X12b_D21_F_RCS,1.69897000433602,9.450000000000001,80
397,X12bP397D2F,F,8.15,17.6,NA,43.72775619766973,X12b,D2,F,20754,RCS,X12b_D2_F_RCS,2.69897000433602,9.450000000000001,80
397,X12bP397D7F,F,8.15,17.6,NA,43.72775619766973,X12b,D7,F,22227,RCS,X12b_D7_F_RCS,2.74036268949424,9.450000000000001,80
419,X12bP419D0F,NA,6.1,14.15,NA,51.98984008782492,X12b,D0,F,21758,Control,X12b_D0_F_Control,0,8.05,84
419,X12bP419D0Q,NA,6.1,14.15,NA,51.98984008782492,X12b,D0,Q,31440,Control,X12b_D0_Q_Control,0,8.05,84
419,X12bP419D14F,NA,6.1,14.15,NA,51.98984008782492,X12b,D14,F,19413,Control,X12b_D14_F_Control,1.69897000433602,8.05,84
419,X12bP419D21C,NA,6.1,14.15,NA,51.98984008782492,X12b,D21,C,27679,Control,X12b_D21_C_Control,2.80617997398389,8.05,84
419,X12bP419D21F,NA,6.1,14.15,NA,51.98984008782492,X12b,D21,F,44928,Control,X12b_D21_F_Control,2.69897000433602,8.05,84
419,X12bP419D21X,NA,6.1,14.15,NA,51.98984008782492,X12b,D21,X,30132,Control,X12b_D21_X_Control,2.53147891704225,8.05,84
419,X12bP419D2F,NA,6.1,14.15,NA,51.98984008782492,X12b,D2,F,19590,Control,X12b_D2_F_Control,2.90308998699194,8.05,84
419,X12bP419D7F,NA,6.1,14.15,NA,51.98984008782492,X12b,D7,F,25510,Control,X12b_D7_F_Control,3.41497334797082,8.05,84
422,X12bP422D0F,M,5.8,16.35,NA,42.14830758902224,X12b,D0,F,28291,ZnCu,X12b_D0_F_ZnCu,0,10.55,85
422,X12bP422D0Q,M,5.8,16.35,NA,42.14830758902224,X12b,D0,Q,14436,ZnCu,X12b_D0_Q_ZnCu,0,10.55,85
422,X12bP422D14F,M,5.8,16.35,NA,42.14830758902224,X12b,D14,F,32446,ZnCu,X12b_D14_F_ZnCu,1.69897000433602,10.55,85
422,X12bP422D21C,M,5.8,16.35,NA,42.14830758902224,X12b,D21,C,32658,ZnCu,X12b_D21_C_ZnCu,2.76342799356294,10.55,85
422,X12bP422D21F,M,5.8,16.35,NA,42.14830758902224,X12b,D21,F,34763,ZnCu,X12b_D21_F_ZnCu,1.69897000433602,10.55,85
422,X12bP422D2F,M,5.8,16.35,NA,42.14830758902224,X12b,D2,F,26222,ZnCu,X12b_D2_F_ZnCu,2.69897000433602,10.55,85
422,X12bP422D7F,M,5.8,16.35,NA,42.14830758902224,X12b,D7,F,24721,ZnCu,X12b_D7_F_ZnCu,2.47712125471966,10.55,85
426,X12bP426D0F,M,8.05,17.1,NA,33.45154499349597,X12b,D0,F,28352,Acid,X12b_D0_F_Acid,0,9.05,86
426,X12bP426D0Q,M,8.05,17.1,NA,33.45154499349597,X12b,D0,Q,24589,Acid,X12b_D0_Q_Acid,0,9.05,86
426,X12bP426D14F,M,8.05,17.1,NA,33.45154499349597,X12b,D14,F,28984,Acid,X12b_D14_F_Acid,1.69897000433602,9.05,86
426,X12bP426D21C,M,8.05,17.1,NA,33.45154499349597,X12b,D21,C,29577,Acid,X12b_D21_C_Acid,1.90308998699194,9.05,86
426,X12bP426D21F,M,8.05,17.1,NA,33.45154499349597,X12b,D21,F,20559,Acid,X12b_D21_F_Acid,1.69897000433602,9.05,86
426,X12bP426D2F,M,8.05,17.1,NA,33.45154499349597,X12b,D2,F,18367,Acid,X12b_D2_F_Acid,0,9.05,86
426,X12bP426D7F,M,8.05,17.1,NA,33.45154499349597,X12b,D7,F,21236,Acid,X12b_D7_F_Acid,2.60205999132796,9.05,86
432,X12bP432D0F,F,7.5,14.75,NA,39.22682509756045,X12b,D0,F,25560,ZnCu,X12b_D0_F_ZnCu,0,7.25,87
432,X12bP432D0Q,F,7.5,14.75,NA,39.22682509756045,X12b,D0,Q,22958,ZnCu,X12b_D0_Q_ZnCu,0,7.25,87
432,X12bP432D14F,F,7.5,14.75,NA,39.22682509756045,X12b,D14,F,25185,ZnCu,X12b_D14_F_ZnCu,1.69897000433602,7.25,87
432,X12bP432D21C,F,7.5,14.75,NA,39.22682509756045,X12b,D21,C,31515,ZnCu,X12b_D21_C_ZnCu,1.30102999566398,7.25,87
432,X12bP432D21F,F,7.5,14.75,NA,39.22682509756045,X12b,D21,F,31362,ZnCu,X12b_D21_F_ZnCu,1.69897000433602,7.25,87
432,X12bP432D2F,F,7.5,14.75,NA,39.22682509756045,X12b,D2,F,28452,ZnCu,X12b_D2_F_ZnCu,2,7.25,87
432,X12bP432D7F,F,7.5,14.75,NA,39.22682509756045,X12b,D7,F,38077,ZnCu,X12b_D7_F_ZnCu,2.39794000867204,7.25,87
43,X12bP43D0F,F,6.9,13.45,NA,32.565656991381104,X12b,D0,F,26259,RCS,X12b_D0_F_RCS,0,6.549999999999999,9
43,X12bP43D0Q,F,6.9,13.45,NA,32.565656991381104,X12b,D0,Q,22423,RCS,X12b_D0_Q_RCS,0,6.549999999999999,9
43,X12bP43D14F,F,6.9,13.45,NA,32.565656991381104,X12b,D14,F,8767,RCS,X12b_D14_F_RCS,1.69897000433602,6.549999999999999,9
43,X12bP43D21C,F,6.9,13.45,NA,32.565656991381104,X12b,D21,C,23012,RCS,X12b_D21_C_RCS,1.30102999566398,6.549999999999999,9
43,X12bP43D21F,F,6.9,13.45,NA,32.565656991381104,X12b,D21,F,32580,RCS,X12b_D21_F_RCS,0,6.549999999999999,9
43,X12bP43D2F,F,6.9,13.45,NA,32.565656991381104,X12b,D2,F,19850,RCS,X12b_D2_F_RCS,2.17609125905568,6.549999999999999,9
43,X12bP43D7F,F,6.9,13.45,NA,32.565656991381104,X12b,D7,F,22638,RCS,X12b_D7_F_RCS,2.17609125905568,6.549999999999999,9
450,X12bP450D0F,M,5.15,13.25,NA,33.9794000867204,X12b,D0,F,19947,ZnCu,X12b_D0_F_ZnCu,0,8.1,90
450,X12bP450D0Q,M,5.15,13.25,NA,33.9794000867204,X12b,D0,Q,17887,ZnCu,X12b_D0_Q_ZnCu,0,8.1,90
450,X12bP450D14F,M,5.15,13.25,NA,33.9794000867204,X12b,D14,F,21552,ZnCu,X12b_D14_F_ZnCu,1.69897000433602,8.1,90
450,X12bP450D21C,M,5.15,13.25,NA,33.9794000867204,X12b,D21,C,25005,ZnCu,X12b_D21_C_ZnCu,0,8.1,90
450,X12bP450D21F,M,5.15,13.25,NA,33.9794000867204,X12b,D21,F,27247,ZnCu,X12b_D21_F_ZnCu,1.69897000433602,8.1,90
450,X12bP450D2F,M,5.15,13.25,NA,33.9794000867204,X12b,D2,F,29220,ZnCu,X12b_D2_F_ZnCu,1.69897000433602,8.1,90
450,X12bP450D7F,M,5.15,13.25,NA,33.9794000867204,X12b,D7,F,16662,ZnCu,X12b_D7_F_ZnCu,1.69897000433602,8.1,90
453,X12bP453D0F,M,5.95,17.3,NA,39.285580060704284,X12b,D0,F,20413,RCS,X12b_D0_F_RCS,0,11.350000000000001,91
453,X12bP453D14F,M,5.95,17.3,NA,39.285580060704284,X12b,D14,F,28830,RCS,X12b_D14_F_RCS,1.69897000433602,11.350000000000001,91
453,X12bP453D21C,M,5.95,17.3,NA,39.285580060704284,X12b,D21,C,25051,RCS,X12b_D21_C_RCS,2,11.350000000000001,91
453,X12bP453D21F,M,5.95,17.3,NA,39.285580060704284,X12b,D21,F,73017,RCS,X12b_D21_F_RCS,1.69897000433602,11.350000000000001,91
453,X12bP453D2F,M,5.95,17.3,NA,39.285580060704284,X12b,D2,F,4186,RCS,X12b_D2_F_RCS,2.69897000433602,11.350000000000001,91
453,X12bP453D7F,M,5.95,17.3,NA,39.285580060704284,X12b,D7,F,21380,RCS,X12b_D7_F_RCS,2,11.350000000000001,91
458,X12bP458D0F,F,6.8,12.65,NA,41.46695257709693,X12b,D0,F,22853,Control,X12b_D0_F_Control,0,5.8500000000000005,92
458,X12bP458D0Q,F,6.8,12.65,NA,41.46695257709693,X12b,D0,Q,41339,Control,X12b_D0_Q_Control,0,5.8500000000000005,92
458,X12bP458D14F,F,6.8,12.65,NA,41.46695257709693,X12b,D14,F,18641,Control,X12b_D14_F_Control,1.69897000433602,5.8500000000000005,92
458,X12bP458D21C,F,6.8,12.65,NA,41.46695257709693,X12b,D21,C,24893,Control,X12b_D21_C_Control,3.08635983067475,5.8500000000000005,92
458,X12bP458D21F,F,6.8,12.65,NA,41.46695257709693,X12b,D21,F,29290,Control,X12b_D21_F_Control,1.69897000433602,5.8500000000000005,92
458,X12bP458D21X,F,6.8,12.65,NA,41.46695257709693,X12b,D21,X,30888,Control,X12b_D21_X_Control,1.30102999566398,5.8500000000000005,92
458,X12bP458D2F,F,6.8,12.65,NA,41.46695257709693,X12b,D2,F,21432,Control,X12b_D2_F_Control,3.32221929473392,5.8500000000000005,92
458,X12bP458D7F,F,6.8,12.65,NA,41.46695257709693,X12b,D7,F,29704,Control,X12b_D7_F_Control,2,5.8500000000000005,92
461,X12bP461D0F,M,4.9,11.95,NA,30.892790030352142,X12b,D0,F,34946,Bglu,X12b_D0_F_Bglu,0,7.049999999999999,93
461,X12bP461D0Q,M,4.9,11.95,NA,30.892790030352142,X12b,D0,Q,17809,Bglu,X12b_D0_Q_Bglu,0,7.049999999999999,93
461,X12bP461D14F,M,4.9,11.95,NA,30.892790030352142,X12b,D14,F,27038,Bglu,X12b_D14_F_Bglu,1.69897000433602,7.049999999999999,93
461,X12bP461D21C,M,4.9,11.95,NA,30.892790030352142,X12b,D21,C,29174,Bglu,X12b_D21_C_Bglu,0,7.049999999999999,93
461,X12bP461D21F,M,4.9,11.95,NA,30.892790030352142,X12b,D21,F,12973,Bglu,X12b_D21_F_Bglu,0,7.049999999999999,93
461,X12bP461D2F,M,4.9,11.95,NA,30.892790030352142,X12b,D2,F,27584,Bglu,X12b_D2_F_Bglu,2,7.049999999999999,93
461,X12bP461D7F,M,4.9,11.95,NA,30.892790030352142,X12b,D7,F,34940,Bglu,X12b_D7_F_Bglu,2,7.049999999999999,93
469,X12bP469D0F,F,7,13.7,NA,37.99084821159424,X12b,D0,F,19376,RCS,X12b_D0_F_RCS,0,6.699999999999999,94
469,X12bP469D14F,F,7,13.7,NA,37.99084821159424,X12b,D14,F,28618,RCS,X12b_D14_F_RCS,1.69897000433602,6.699999999999999,94
469,X12bP469D21C,F,7,13.7,NA,37.99084821159424,X12b,D21,C,27816,RCS,X12b_D21_C_RCS,2.95424250943932,6.699999999999999,94
469,X12bP469D2F,F,7,13.7,NA,37.99084821159424,X12b,D2,F,22926,RCS,X12b_D2_F_RCS,2.84509804001426,6.699999999999999,94
469,X12bP469D7F,F,7,13.7,NA,37.99084821159424,X12b,D7,F,23135,RCS,X12b_D7_F_RCS,1.69897000433602,6.699999999999999,94
472,X12bP472D0F,F,5.7,15.45,NA,42.355783148721954,X12b,D0,F,21049,ZnCu,X12b_D0_F_ZnCu,0,9.75,95
472,X12bP472D0Q,F,5.7,15.45,NA,42.355783148721954,X12b,D0,Q,18467,ZnCu,X12b_D0_Q_ZnCu,0,9.75,95
472,X12bP472D14F,F,5.7,15.45,NA,42.355783148721954,X12b,D14,F,28176,ZnCu,X12b_D14_F_ZnCu,1.69897000433602,9.75,95
472,X12bP472D21C,F,5.7,15.45,NA,42.355783148721954,X12b,D21,C,33665,ZnCu,X12b_D21_C_ZnCu,1.77815125038364,9.75,95
472,X12bP472D21F,F,5.7,15.45,NA,42.355783148721954,X12b,D21,F,29827,ZnCu,X12b_D21_F_ZnCu,1.69897000433602,9.75,95
472,X12bP472D2F,F,5.7,15.45,NA,42.355783148721954,X12b,D2,F,20672,ZnCu,X12b_D2_F_ZnCu,2.54406804435028,9.75,95
472,X12bP472D7F,F,5.7,15.45,NA,42.355783148721954,X12b,D7,F,28715,ZnCu,X12b_D7_F_ZnCu,2.60205999132796,9.75,95
50,X12bP50D0Q,NA,7.85,14.75,NA,39.67801693934886,X12b,D0,Q,33536,RPS,X12b_D0_Q_RPS,0,6.9,10
50,X12bP50D14F,NA,7.85,14.75,NA,39.67801693934886,X12b,D14,F,37573,RPS,X12b_D14_F_RPS,1.69897000433602,6.9,10
50,X12bP50D21C,NA,7.85,14.75,NA,39.67801693934886,X12b,D21,C,34292,RPS,X12b_D21_C_RPS,1.60205999132796,6.9,10
50,X12bP50D21F,NA,7.85,14.75,NA,39.67801693934886,X12b,D21,F,21985,RPS,X12b_D21_F_RPS,0,6.9,10
50,X12bP50D21X,NA,7.85,14.75,NA,39.67801693934886,X12b,D21,X,25605,RPS,X12b_D21_X_RPS,0,6.9,10
50,X12bP50D2F,NA,7.85,14.75,NA,39.67801693934886,X12b,D2,F,30077,RPS,X12b_D2_F_RPS,3.17609125905568,6.9,10
50,X12bP50D7F,NA,7.85,14.75,NA,39.67801693934886,X12b,D7,F,24548,RPS,X12b_D7_F_RPS,2.77815125038364,6.9,10
52,X12bP52D0F,F,7.1,17.5,NA,33.9794000867204,X12b,D0,F,17967,Acid,X12b_D0_F_Acid,0,10.4,11
52,X12bP52D0Q,F,7.1,17.5,NA,33.9794000867204,X12b,D0,Q,1502,Acid,X12b_D0_Q_Acid,0,10.4,11
52,X12bP52D14F,F,7.1,17.5,NA,33.9794000867204,X12b,D14,F,33385,Acid,X12b_D14_F_Acid,1.69897000433602,10.4,11
52,X12bP52D21C,F,7.1,17.5,NA,33.9794000867204,X12b,D21,C,28112,Acid,X12b_D21_C_Acid,3.60205999132796,10.4,11
52,X12bP52D21F,F,7.1,17.5,NA,33.9794000867204,X12b,D21,F,22557,Acid,X12b_D21_F_Acid,1.69897000433602,10.4,11
52,X12bP52D2F,F,7.1,17.5,NA,33.9794000867204,X12b,D2,F,25950,Acid,X12b_D2_F_Acid,1.69897000433602,10.4,11
52,X12bP52D7F,F,7.1,17.5,NA,33.9794000867204,X12b,D7,F,25573,Acid,X12b_D7_F_Acid,1.69897000433602,10.4,11
65,X12bP65D0F,F,6.35,15.2,NA,40.758460128180246,X12b,D0,F,18284,RCS,X12b_D0_F_RCS,0,8.85,13
65,X12bP65D0Q,F,6.35,15.2,NA,40.758460128180246,X12b,D0,Q,12566,RCS,X12b_D0_Q_RCS,0,8.85,13
65,X12bP65D14F,F,6.35,15.2,NA,40.758460128180246,X12b,D14,F,19473,RCS,X12b_D14_F_RCS,1.69897000433602,8.85,13
65,X12bP65D21C,F,6.35,15.2,NA,40.758460128180246,X12b,D21,C,25226,RCS,X12b_D21_C_RCS,2.20411998265593,8.85,13
65,X12bP65D21F,F,6.35,15.2,NA,40.758460128180246,X12b,D21,F,44954,RCS,X12b_D21_F_RCS,1.69897000433602,8.85,13
65,X12bP65D2F,F,6.35,15.2,NA,40.758460128180246,X12b,D2,F,24697,RCS,X12b_D2_F_RCS,2,8.85,13
65,X12bP65D7F,F,6.35,15.2,NA,40.758460128180246,X12b,D7,F,30275,RCS,X12b_D7_F_RCS,2.65321251377534,8.85,13
6,X12bP6D0F,F,4.9,14.55,NA,46.56364552198028,X12b,D0,F,18633,Bglu,X12b_D0_F_Bglu,0,9.65,2
6,X12bP6D0Q,F,4.9,14.55,NA,46.56364552198028,X12b,D0,Q,16077,Bglu,X12b_D0_Q_Bglu,0,9.65,2
6,X12bP6D14F,F,4.9,14.55,NA,46.56364552198028,X12b,D14,F,28841,Bglu,X12b_D14_F_Bglu,1.69897000433602,9.65,2
6,X12bP6D21C,F,4.9,14.55,NA,46.56364552198028,X12b,D21,C,19980,Bglu,X12b_D21_C_Bglu,3.17609125905568,9.65,2
6,X12bP6D21F,F,4.9,14.55,NA,46.56364552198028,X12b,D21,F,20663,Bglu,X12b_D21_F_Bglu,1.69897000433602,9.65,2
6,X12bP6D2F,F,4.9,14.55,NA,46.56364552198028,X12b,D2,F,24287,Bglu,X12b_D2_F_Bglu,2.47712125471966,9.65,2
6,X12bP6D7F,F,4.9,14.55,NA,46.56364552198028,X12b,D7,F,21826,Bglu,X12b_D7_F_Bglu,3.34242268082221,9.65,2
74,X12bP74D0F,M,6.6,13.75,NA,45.29280930736749,X12b,D0,F,16670,ZnCu,X12b_D0_F_ZnCu,0,7.15,15
74,X12bP74D0Q,M,6.6,13.75,NA,45.29280930736749,X12b,D0,Q,41296,ZnCu,X12b_D0_Q_ZnCu,0,7.15,15
74,X12bP74D14F,M,6.6,13.75,NA,45.29280930736749,X12b,D14,F,24822,ZnCu,X12b_D14_F_ZnCu,1.69897000433602,7.15,15
74,X12bP74D21C,M,6.6,13.75,NA,45.29280930736749,X12b,D21,C,27773,ZnCu,X12b_D21_C_ZnCu,2,7.15,15
74,X12bP74D21F,M,6.6,13.75,NA,45.29280930736749,X12b,D21,F,26959,ZnCu,X12b_D21_F_ZnCu,3.14612803567824,7.15,15
74,X12bP74D2F,M,6.6,13.75,NA,45.29280930736749,X12b,D2,F,18663,ZnCu,X12b_D2_F_ZnCu,1.69897000433602,7.15,15
74,X12bP74D7F,M,6.6,13.75,NA,45.29280930736749,X12b,D7,F,20520,ZnCu,X12b_D7_F_ZnCu,2.74036268949424,7.15,15
77,X12bP77D0F,F,5.35,11.6,NA,37.140215041192185,X12b,D0,F,29383,Control,X12b_D0_F_Control,0,6.25,16
77,X12bP77D0Q,F,5.35,11.6,NA,37.140215041192185,X12b,D0,Q,42113,Control,X12b_D0_Q_Control,0,6.25,16
77,X12bP77D14F,F,5.35,11.6,NA,37.140215041192185,X12b,D14,F,29124,Control,X12b_D14_F_Control,1.69897000433602,6.25,16
77,X12bP77D21C,F,5.35,11.6,NA,37.140215041192185,X12b,D21,C,35544,Control,X12b_D21_C_Control,1.30102999566398,6.25,16
77,X12bP77D21F,F,5.35,11.6,NA,37.140215041192185,X12b,D21,F,22134,Control,X12b_D21_F_Control,2,6.25,16
77,X12bP77D21X,F,5.35,11.6,NA,37.140215041192185,X12b,D21,X,22662,Control,X12b_D21_X_Control,0,6.25,16
77,X12bP77D2F,F,5.35,11.6,NA,37.140215041192185,X12b,D2,F,26577,Control,X12b_D2_F_Control,2.30102999566398,6.25,16
77,X12bP77D7F,F,5.35,11.6,NA,37.140215041192185,X12b,D7,F,29434,Control,X12b_D7_F_Control,1.69897000433602,6.25,16
83,X12bP83D0F,F,8,22.6,NA,64.74016983089523,X12b,D0,F,23506,ZnCu,X12b_D0_F_ZnCu,0,14.600000000000001,17
83,X12bP83D0Q,F,8,22.6,NA,64.74016983089523,X12b,D0,Q,29764,ZnCu,X12b_D0_Q_ZnCu,0,14.600000000000001,17
83,X12bP83D14F,F,8,22.6,NA,64.74016983089523,X12b,D14,F,18889,ZnCu,X12b_D14_F_ZnCu,2.30102999566398,14.600000000000001,17
83,X12bP83D21C,F,8,22.6,NA,64.74016983089523,X12b,D21,C,24137,ZnCu,X12b_D21_C_ZnCu,1.90308998699194,14.600000000000001,17
83,X12bP83D21F,F,8,22.6,NA,64.74016983089523,X12b,D21,F,25286,ZnCu,X12b_D21_F_ZnCu,2.60205999132796,14.600000000000001,17
83,X12bP83D2F,F,8,22.6,NA,64.74016983089523,X12b,D2,F,24311,ZnCu,X12b_D2_F_ZnCu,4.60205999132796,14.600000000000001,17
83,X12bP83D7F,F,8,22.6,NA,64.74016983089523,X12b,D7,F,27561,ZnCu,X12b_D7_F_ZnCu,3.90308998699194,14.600000000000001,17
87,X12bP87D0F,M,6.65,12.35,NA,43.88072767279656,X12b,D0,F,33224,Control,X12b_D0_F_Control,0,5.699999999999999,18
87,X12bP87D0Q,M,6.65,12.35,NA,43.88072767279656,X12b,D0,Q,21301,Control,X12b_D0_Q_Control,0,5.699999999999999,18
87,X12bP87D14F,M,6.65,12.35,NA,43.88072767279656,X12b,D14,F,33031,Control,X12b_D14_F_Control,2,5.699999999999999,18
87,X12bP87D21C,M,6.65,12.35,NA,43.88072767279656,X12b,D21,C,31180,Control,X12b_D21_C_Control,4.06445798922692,5.699999999999999,18
87,X12bP87D21F,M,6.65,12.35,NA,43.88072767279656,X12b,D21,F,30729,Control,X12b_D21_F_Control,1.69897000433602,5.699999999999999,18
87,X12bP87D21X,M,6.65,12.35,NA,43.88072767279656,X12b,D21,X,28044,Control,X12b_D21_X_Control,3.38381536598043,5.699999999999999,18
87,X12bP87D2F,M,6.65,12.35,NA,43.88072767279656,X12b,D2,F,24885,Control,X12b_D2_F_Control,2.47712125471966,5.699999999999999,18
87,X12bP87D7F,M,6.65,12.35,NA,43.88072767279656,X12b,D7,F,29261,Control,X12b_D7_F_Control,2.54406804435028,5.699999999999999,18
8,X12bP8D0F,NA,6.15,15.8,NA,32.28043008238438,X12b,D0,F,22503,Bglu,X12b_D0_F_Bglu,0,9.65,2
8,X12bP8D0Q,NA,6.15,15.8,NA,32.28043008238438,X12b,D0,Q,16007,Bglu,X12b_D0_Q_Bglu,0,9.65,2
8,X12bP8D14F,NA,6.15,15.8,NA,32.28043008238438,X12b,D14,F,21725,Bglu,X12b_D14_F_Bglu,1.69897000433602,9.65,2
8,X12bP8D21C,NA,6.15,15.8,NA,32.28043008238438,X12b,D21,C,29230,Bglu,X12b_D21_C_Bglu,0,9.65,2
8,X12bP8D21F,NA,6.15,15.8,NA,32.28043008238438,X12b,D21,F,30324,Bglu,X12b_D21_F_Bglu,0,9.65,2
8,X12bP8D2F,NA,6.15,15.8,NA,32.28043008238438,X12b,D2,F,36671,Bglu,X12b_D2_F_Bglu,0,9.65,2
8,X12bP8D7F,NA,6.15,15.8,NA,32.28043008238438,X12b,D7,F,27009,Bglu,X12b_D7_F_Bglu,3.39794000867204,9.65,2
93,X12bP93D0F,M,5.6,13.95,NA,43.80102999566398,X12b,D0,F,24906,RPS,X12b_D0_F_RPS,0,8.35,19
93,X12bP93D0Q,M,5.6,13.95,NA,43.80102999566398,X12b,D0,Q,9217,RPS,X12b_D0_Q_RPS,0,8.35,19
93,X12bP93D14F,M,5.6,13.95,NA,43.80102999566398,X12b,D14,F,25652,RPS,X12b_D14_F_RPS,2.30102999566398,8.35,19
93,X12bP93D21C,M,5.6,13.95,NA,43.80102999566398,X12b,D21,C,28954,RPS,X12b_D21_C_RPS,2.30102999566398,8.35,19
93,X12bP93D21F,M,5.6,13.95,NA,43.80102999566398,X12b,D21,F,33745,RPS,X12b_D21_F_RPS,1.69897000433602,8.35,19
93,X12bP93D21X,M,5.6,13.95,NA,43.80102999566398,X12b,D21,X,37323,RPS,X12b_D21_X_RPS,1.30102999566398,8.35,19
93,X12bP93D2F,M,5.6,13.95,NA,43.80102999566398,X12b,D2,F,25734,RPS,X12b_D2_F_RPS,3.30102999566398,8.35,19
93,X12bP93D7F,M,5.6,13.95,NA,43.80102999566398,X12b,D7,F,18918,RPS,X12b_D7_F_RPS,1.69897000433602,8.35,19
97,X12bP97D0F,NA,4.25,11.65,NA,0,X12b,D0,F,22552,RPS,X12b_D0_F_RPS,0,7.4,20
97,X12bP97D0Q,NA,4.25,11.65,NA,0,X12b,D0,Q,2097,RPS,X12b_D0_Q_RPS,0,7.4,20
97,X12bP97D14F,NA,4.25,11.65,NA,0,X12b,D14,F,29543,RPS,X12b_D14_F_RPS,0,7.4,20
97,X12bP97D21C,NA,4.25,11.65,NA,0,X12b,D21,C,29201,RPS,X12b_D21_C_RPS,1.30102999566398,7.4,20
97,X12bP97D21F,NA,4.25,11.65,NA,0,X12b,D21,F,27987,RPS,X12b_D21_F_RPS,0,7.4,20
97,X12bP97D21X,NA,4.25,11.65,NA,0,X12b,D21,X,28890,RPS,X12b_D21_X_RPS,1.30102999566398,7.4,20
97,X12bP97D2F,NA,4.25,11.65,NA,0,X12b,D2,F,41627,RPS,X12b_D2_F_RPS,0,7.4,20
97,X12bP97D7F,NA,4.25,11.65,NA,0,X12b,D7,F,25431,RPS,X12b_D7_F_RPS,0,7.4,20
47,X12N10FD30,NA,4.35,9,9,NA,X12a,D30,F,18838,RPS,X12a_D30_F_RPS,NA,4.65,10
50,X12N10WD23,NA,7.85,14.75,NA,39.67801693934886,X12a,D23,F,11640,RPS,X12a_D23_F_RPS,NA,6.9,10
47,X12N10XD30,NA,4.35,9,9,NA,X12a,D30,X,27263,RPS,X12a_D30_X_RPS,NA,4.65,10
51,X12N11FD30dup,NA,8.1,17.3,17.3,NA,X12a,D30,F,20152,Acid,X12a_D30_F_Acid,NA,9.200000000000001,11
52,X12N11WD0,F,7.1,17.5,NA,33.9794000867204,X12a,D0,F,31505,Acid,X12a_D0_F_Acid,0,10.4,11
52,X12N11WD23,F,7.1,17.5,NA,33.9794000867204,X12a,D23,F,15699,Acid,X12a_D23_F_Acid,NA,10.4,11
51,X12N11XD30,NA,8.1,17.3,17.3,NA,X12a,D30,X,27393,Acid,X12a_D30_X_Acid,NA,9.200000000000001,11
56,X12N12WD0,F,6.3,12.45,NA,NA,X12a,D0,F,41282,Phyto,X12a_D0_F_Phyto,NA,6.1499999999999995,12
56,X12N12WD23,F,6.3,12.45,NA,NA,X12a,D23,F,20475,Phyto,X12a_D23_F_Phyto,NA,6.1499999999999995,12
62,X12N13FD30,NA,4.45,10.35,10.35,NA,X12a,D30,F,39484,RCS,X12a_D30_F_RCS,NA,5.8999999999999995,13
65,X12N13WD0,F,6.35,15.2,NA,40.758460128180246,X12a,D0,F,26458,RCS,X12a_D0_F_RCS,0,8.85,13
62,X12N13XD30,NA,4.45,10.35,10.35,NA,X12a,D30,X,19802,RCS,X12a_D30_X_RCS,NA,5.8999999999999995,13
66,X12N14FD30,NA,6.4,14.75,14.75,NA,X12a,D30,F,11522,Pos_control,X12a_D30_F_Pos_control,NA,8.35,14
89,X12N14WD0,NA,4.7,9.45,NA,NA,X12a,D0,F,17894,Pos_control,X12a_D0_F_Pos_control,NA,4.749999999999999,18
89,X12N14WD23,NA,4.7,9.45,NA,NA,X12a,D23,F,30810,Pos_control,X12a_D23_F_Pos_control,NA,4.749999999999999,18
66,X12N14XD30,NA,6.4,14.75,14.75,NA,X12a,D30,X,47708,Pos_control,X12a_D30_X_Pos_control,NA,8.35,14
75,X12N15FD30,NA,7,15.75,15.75,NA,X12a,D30,F,21956,ZnCu,X12a_D30_F_ZnCu,NA,8.75,15
74,X12N15WD0,M,6.6,13.75,NA,45.29280930736749,X12a,D0,F,27470,ZnCu,X12a_D0_F_ZnCu,0,7.15,15
74,X12N15WD23,M,6.6,13.75,NA,45.29280930736749,X12a,D23,F,16461,ZnCu,X12a_D23_F_ZnCu,NA,7.15,15
75,X12N15XD30,NA,7,15.75,15.75,NA,X12a,D30,X,25584,ZnCu,X12a_D30_X_ZnCu,NA,8.75,15
78,X12N16FD30,M,6.9,15.55,15.55,NA,X12a,D30,F,19933,Control,X12a_D30_F_Control,NA,8.65,16
77,X12N16WD0,F,5.35,11.6,NA,37.140215041192185,X12a,D0,F,33762,Control,X12a_D0_F_Control,0,6.25,16
77,X12N16WD23,F,5.35,11.6,NA,37.140215041192185,X12a,D23,F,16361,Control,X12a_D23_F_Control,NA,6.25,16
78,X12N16XD30,M,6.9,15.55,15.55,NA,X12a,D30,X,52799,Control,X12a_D30_X_Control,NA,8.65,16
81,X12N17FD30,NA,5.55,15.25,15.25,NA,X12a,D30,F,15194,ZnCu,X12a_D30_F_ZnCu,NA,9.7,17
83,X12N17WD0,F,8,22.6,NA,64.74016983089523,X12a,D0,F,41193,ZnCu,X12a_D0_F_ZnCu,0,14.600000000000001,17
81,X12N17XD30,NA,5.55,15.25,15.25,NA,X12a,D30,X,25338,ZnCu,X12a_D30_X_ZnCu,NA,9.7,17
90,X12N18FD30,F,5.25,14.2,14.2,NA,X12a,D30,F,30166,Control,X12a_D30_F_Control,NA,8.95,18
87,X12N18WD0,M,6.65,12.35,NA,43.88072767279656,X12a,D0,F,23227,Control,X12a_D0_F_Control,0,5.699999999999999,18
87,X12N18WD23,M,6.65,12.35,NA,43.88072767279656,X12a,D23,F,19513,Control,X12a_D23_F_Control,NA,5.699999999999999,18
90,X12N18XD30,F,5.25,14.2,14.2,NA,X12a,D30,X,16536,Control,X12a_D30_X_Control,NA,8.95,18
93,X12N19WD0,M,5.6,13.95,NA,43.80102999566398,X12a,D0,F,31018,RPS,X12a_D0_F_RPS,0,8.35,19
93,X12N19WD23,M,5.6,13.95,NA,43.80102999566398,X12a,D23,F,31196,RPS,X12a_D23_F_RPS,NA,8.35,19
95,X12N19XD30,NA,5.05,12.4,12.4,NA,X12a,D30,X,20206,RPS,X12a_D30_X_RPS,NA,7.3500000000000005,19
2,X12N1WD0,F,5.75,10.5,NA,NA,X12a,D0,F,23583,SBP,X12a_D0_F_SBP,NA,4.75,1
2,X12N1WD23,F,5.75,10.5,NA,NA,X12a,D23,F,30402,SBP,X12a_D23_F_SBP,NA,4.75,1
99,X12N20FD30dup,NA,4.5,11.65,11.65,NA,X12a,D30,F,4004,RPS,X12a_D30_F_RPS,NA,7.15,20
100,X12N20WD0,F,4.9,9.1,NA,NA,X12a,D0,F,21818,RPS,X12a_D0_F_RPS,NA,4.199999999999999,20
100,X12N20WD23,F,4.9,9.1,NA,NA,X12a,D23,F,24236,RPS,X12a_D23_F_RPS,NA,4.199999999999999,20
99,X12N20XD30,NA,4.5,11.65,11.65,NA,X12a,D30,X,25604,RPS,X12a_D30_X_RPS,NA,7.15,20
103,X12N21FD30,NA,5,7.35,7.35,NA,X12a,D30,F,23244,RPS,X12a_D30_F_RPS,NA,2.3499999999999996,21
101,X12N21WD0,M,7.95,11.35,NA,NA,X12a,D0,F,29949,RPS,X12a_D0_F_RPS,0,3.3999999999999995,21
103,X12N21XD30,NA,5,7.35,7.35,NA,X12a,D30,X,13657,RPS,X12a_D30_X_RPS,NA,2.3499999999999996,21
106,X12N22WD0,M,7.35,18.05,NA,NA,X12a,D0,F,21048,Malto,X12a_D0_F_Malto,NA,10.700000000000001,22
106,X12N22WD23,M,7.35,18.05,NA,NA,X12a,D23,F,9906,Malto,X12a_D23_F_Malto,NA,10.700000000000001,22
114,X12N23FD30,NA,3.95,10.65,10.65,NA,X12a,D30,F,12097,Pos_control,X12a_D30_F_Pos_control,NA,6.7,23
115,X12N23WD0,F,4.85,12.3,NA,NA,X12a,D0,F,7708,Pos_control,X12a_D0_F_Pos_control,NA,7.450000000000001,23
115,X12N23WD23,F,4.85,12.3,NA,NA,X12a,D23,F,9260,Pos_control,X12a_D23_F_Pos_control,NA,7.450000000000001,23
114,X12N23XD30,NA,3.95,10.65,10.65,NA,X12a,D30,X,29230,Pos_control,X12a_D30_X_Pos_control,NA,6.7,23
116,X12N24FD30,NA,6.2,15.05,15.05,NA,X12a,D30,F,27904,RCS,X12a_D30_F_RCS,NA,8.850000000000001,24
119,X12N24WD0,M,7.15,15.6,NA,33.9794000867204,X12a,D0,F,30904,RCS,X12a_D0_F_RCS,0,8.45,24
119,X12N24WD23,M,7.15,15.6,NA,33.9794000867204,X12a,D23,F,13650,RCS,X12a_D23_F_RCS,NA,8.45,24
116,X12N24XD30,NA,6.2,15.05,15.05,NA,X12a,D30,X,29589,RCS,X12a_D30_X_RCS,NA,8.850000000000001,24
125,X12N25FD30,F,7.5,15.25,15.25,NA,X12a,D30,F,24283,Control,X12a_D30_F_Control,NA,7.75,25
122,X12N25WD0,M,7.3,17.3,NA,59.04973393943041,X12a,D0,F,33747,Control,X12a_D0_F_Control,0,10,25
125,X12N25XD30,F,7.5,15.25,15.25,NA,X12a,D30,X,24211,Control,X12a_D30_X_Control,NA,7.75,25
128,X12N26FD30,NA,3.45,10.15,10.15,NA,X12a,D30,F,26489,Acid,X12a_D30_F_Acid,NA,6.7,26
129,X12N26WD0,NA,NA,NA,NA,NA,X12a,D0,F,41390,Acid,X12a_D0_F_Acid,NA,NA,26
129,X12N26WD23,NA,NA,NA,NA,NA,X12a,D23,F,8280,Acid,X12a_D23_F_Acid,NA,NA,26
128,X12N26XD30,NA,3.45,10.15,10.15,NA,X12a,D30,X,30200,Acid,X12a_D30_X_Acid,NA,6.7,26
133,X12N27WD0,M,5.9,13.6,NA,NA,X12a,D0,F,63733,SBP,X12a_D0_F_SBP,NA,7.699999999999999,27
139,X12N28FD30,NA,6.8,17.25,17.25,NA,X12a,D30,F,3275,RCS,X12a_D30_F_RCS,NA,10.45,28
138,X12N28WD0,M,6.75,12.2,NA,33.9794000867204,X12a,D0,F,40983,RCS,X12a_D0_F_RCS,0,5.449999999999999,28
139,X12N28XD30,NA,6.8,17.25,17.25,NA,X12a,D30,X,24661,RCS,X12a_D30_X_RCS,NA,10.45,28
145,X12N29FD30,M,5.95,13,13,NA,X12a,D30,F,21752,Bglu,X12a_D30_F_Bglu,NA,7.05,29
144,X12N29WD0,M,7.75,15.5,NA,31.679033828565835,X12a,D0,F,37970,Bglu,X12a_D0_F_Bglu,0,7.75,29
144,X12N29WD14,M,7.75,15.5,NA,31.679033828565835,X12a,D14,F,15593,Bglu,X12a_D14_F_Bglu,1.69897000433602,7.75,29
144,X12N29WD17,M,7.75,15.5,NA,31.679033828565835,X12a,D17,F,34243,Bglu,X12a_D17_F_Bglu,NA,7.75,29
144,X12N29WD23,M,7.75,15.5,NA,31.679033828565835,X12a,D23,F,2903,Bglu,X12a_D23_F_Bglu,NA,7.75,29
144,X12N29WD3,M,7.75,15.5,NA,31.679033828565835,X12a,D3,F,33294,Bglu,X12a_D3_F_Bglu,NA,7.75,29
144,X12N29WD9,M,7.75,15.5,NA,31.679033828565835,X12a,D9,F,33711,Bglu,X12a_D9_F_Bglu,NA,7.75,29
145,X12N29XD30,M,5.95,13,13,NA,X12a,D30,X,22950,Bglu,X12a_D30_X_Bglu,NA,7.05,29
10,X12N2FD30,NA,6.15,14.25,14.25,NA,X12a,D30,F,14039,Bglu,X12a_D30_F_Bglu,NA,8.1,2
6,X12N2WD0,F,4.9,14.55,NA,46.56364552198028,X12a,D0,F,21623,Bglu,X12a_D0_F_Bglu,0,9.65,2
6,X12N2WD14,F,4.9,14.55,NA,46.56364552198028,X12a,D14,F,13081,Bglu,X12a_D14_F_Bglu,1.69897000433602,9.65,2
6,X12N2WD17,F,4.9,14.55,NA,46.56364552198028,X12a,D17,F,6712,Bglu,X12a_D17_F_Bglu,NA,9.65,2
6,X12N2WD3,F,4.9,14.55,NA,46.56364552198028,X12a,D3,F,20811,Bglu,X12a_D3_F_Bglu,NA,9.65,2
6,X12N2WD9,F,4.9,14.55,NA,46.56364552198028,X12a,D9,F,22213,Bglu,X12a_D9_F_Bglu,NA,9.65,2
10,X12N2XD30,NA,6.15,14.25,14.25,NA,X12a,D30,X,17575,Bglu,X12a_D30_X_Bglu,NA,8.1,2
148,X12N30WD0,F,8.9,12.8,NA,NA,X12a,D0,F,14490,SBP,X12a_D0_F_SBP,NA,3.9000000000000004,30
148,X12N30WD23,F,8.9,12.8,NA,NA,X12a,D23,F,33273,SBP,X12a_D23_F_SBP,NA,3.9000000000000004,30
153,X12N31FD30,NA,6.4,17.2,17.2,NA,X12a,D30,F,19116,Acid,X12a_D30_F_Acid,NA,10.799999999999999,31
152,X12N31WD0,F,6.35,14.8,NA,48.55017845530783,X12a,D0,F,51433,Acid,X12a_D0_F_Acid,0,8.450000000000001,31
152,X12N31WD23,F,6.35,14.8,NA,48.55017845530783,X12a,D23,F,42711,Acid,X12a_D23_F_Acid,NA,8.450000000000001,31
153,X12N31XD30,NA,6.4,17.2,17.2,NA,X12a,D30,X,17638,Acid,X12a_D30_X_Acid,NA,10.799999999999999,31
156,X12N32FD30,NA,6.6,16.4,16.4,NA,X12a,D30,F,19986,Control,X12a_D30_F_Control,NA,9.799999999999999,32
160,X12N32WD0,F,5.15,13.85,NA,44.969631425385394,X12a,D0,F,25564,Control,X12a_D0_F_Control,0,8.7,32
160,X12N32WD23,F,5.15,13.85,NA,44.969631425385394,X12a,D23,F,32424,Control,X12a_D23_F_Control,NA,8.7,32
156,X12N32XD30,NA,6.6,16.4,16.4,NA,X12a,D30,X,20402,Control,X12a_D30_X_Control,NA,9.799999999999999,32
164,X12N33WD0,M,4.9,11.4,NA,NA,X12a,D0,F,38802,Phyto,X12a_D0_F_Phyto,NA,6.5,33
164,X12N33WD23,M,4.9,11.4,NA,NA,X12a,D23,F,26497,Phyto,X12a_D23_F_Phyto,NA,6.5,33
169,X12N34WD0,F,6.55,13.4,NA,NA,X12a,D0,F,26806,Phyto,X12a_D0_F_Phyto,NA,6.8500000000000005,34
169,X12N34WD23,F,6.55,13.4,NA,NA,X12a,D23,F,13310,Phyto,X12a_D23_F_Phyto,NA,6.8500000000000005,34
172,X12N35FD30,NA,7.3,17.8,17.8,NA,X12a,D30,F,41876,RCS,X12a_D30_F_RCS,NA,10.5,35
175,X12N35WD0,F,7.45,15.05,NA,39.58661005636826,X12a,D0,F,24262,RCS,X12a_D0_F_RCS,0,7.6000000000000005,35
175,X12N35WD23,F,7.45,15.05,NA,39.58661005636826,X12a,D23,F,15483,RCS,X12a_D23_F_RCS,NA,7.6000000000000005,35
172,X12N35XD30,NA,7.3,17.8,17.8,NA,X12a,D30,X,28297,RCS,X12a_D30_X_RCS,NA,10.5,35
176,X12N36FD30,NA,6.95,15.95,15.95,NA,X12a,D30,F,1640,Acid,X12a_D30_F_Acid,NA,9,36
178,X12N36WD0,F,7.15,17,NA,35.785580060704284,X12a,D0,F,34729,Acid,X12a_D0_F_Acid,0,9.85,36
178,X12N36WD23,F,7.15,17,NA,35.785580060704284,X12a,D23,F,26915,Acid,X12a_D23_F_Acid,NA,9.85,36
176,X12N36XD30,NA,6.95,15.95,15.95,NA,X12a,D30,X,18348,Acid,X12a_D30_X_Acid,NA,9,36
185,X12N37FD30,NA,7.9,13.45,13.45,NA,X12a,D30,F,31002,RPS,X12a_D30_F_RPS,NA,5.549999999999999,37
181,X12N37WD0,M,7.2,17.5,NA,23.785580060704284,X12a,D0,F,17749,RPS,X12a_D0_F_RPS,0,10.3,37
181,X12N37WD23,M,7.2,17.5,NA,23.785580060704284,X12a,D23,F,2297,RPS,X12a_D23_F_RPS,NA,10.3,37
185,X12N37XD30,NA,7.9,13.45,13.45,NA,X12a,D30,X,26273,RPS,X12a_D30_X_RPS,NA,5.549999999999999,37
186,X12N38WD0,F,9.2,23.25,NA,NA,X12a,D0,F,22282,Phyto,X12a_D0_F_Phyto,NA,14.05,38
195,X12N39FD30,NA,7.9,15.85,15.85,NA,X12a,D30,F,32018,Control,X12a_D30_F_Control,NA,7.949999999999999,39
191,X12N39WD0,M,8.6,14.75,NA,38.743423200754194,X12a,D0,F,5251,Control,X12a_D0_F_Control,0,6.15,39
191,X12N39WD23,M,8.6,14.75,NA,38.743423200754194,X12a,D23,F,27816,Control,X12a_D23_F_Control,NA,6.15,39
195,X12N39XD30,NA,7.9,15.85,15.85,NA,X12a,D30,X,21349,Control,X12a_D30_X_Control,NA,7.949999999999999,39
11,X12N3WD0,M,5.6,11.3,NA,NA,X12a,D0,F,12421,SBP,X12a_D0_F_SBP,NA,5.700000000000001,3
11,X12N3WD23,M,5.6,11.3,NA,NA,X12a,D23,F,18883,SBP,X12a_D23_F_SBP,NA,5.700000000000001,3
197,X12N40FD30,NA,6.25,16,16,NA,X12a,D30,F,21849,RCS,X12a_D30_F_RCS,NA,9.75,40
198,X12N40WD0,M,6.5,12.15,NA,53.76049390661423,X12a,D0,F,44670,RCS,X12a_D0_F_RCS,0,5.65,40
198,X12N40WD23,M,6.5,12.15,NA,53.76049390661423,X12a,D23,F,10949,RCS,X12a_D23_F_RCS,NA,5.65,40
197,X12N40XD30,NA,6.25,16,16,NA,X12a,D30,X,33247,RCS,X12a_D30_X_RCS,NA,9.75,40
203,X12N41WD0,F,5.6,14.05,NA,NA,X12a,D0,F,36383,Malto,X12a_D0_F_Malto,NA,8.450000000000001,41
208,X12N42WD0,M,6.85,14,NA,NA,X12a,D0,F,34296,Phyto,X12a_D0_F_Phyto,NA,7.15,42
208,X12N42WD23,M,6.85,14,NA,NA,X12a,D23,F,29080,Phyto,X12a_D23_F_Phyto,NA,7.15,42
212,X12N43FD30,NA,8.1,14.65,14.65,NA,X12a,D30,F,35871,Acid,X12a_D30_F_Acid,NA,6.550000000000001,43
211,X12N43WD0,M,6.15,13.9,NA,30.892790030352142,X12a,D0,F,13558,Acid,X12a_D0_F_Acid,0,7.75,43
211,X12N43WD23,M,6.15,13.9,NA,30.892790030352142,X12a,D23,F,7687,Acid,X12a_D23_F_Acid,NA,7.75,43
212,X12N43XD30,NA,8.1,14.65,14.65,NA,X12a,D30,X,26744,Acid,X12a_D30_X_Acid,NA,6.550000000000001,43
218,X12N44FD30,NA,6.95,16.25,16.25,NA,X12a,D30,F,1656,ZnCu,X12a_D30_F_ZnCu,NA,9.3,44
219,X12N44WD0,M,6.15,12.5,NA,64.27066004039568,X12a,D0,F,23518,ZnCu,X12a_D0_F_ZnCu,0,6.35,44
219,X12N44WD23,M,6.15,12.5,NA,64.27066004039568,X12a,D23,F,26596,ZnCu,X12a_D23_F_ZnCu,NA,6.35,44
218,X12N44XD30,NA,6.95,16.25,16.25,NA,X12a,D30,X,26077,ZnCu,X12a_D30_X_ZnCu,NA,9.3,44
259,X12N45FD30,NA,8.3,15.85,15.85,NA,X12a,D30,F,29829,Control,X12a_D30_F_Control,NA,7.549999999999999,52
224,X12N45WD0,F,4.9,12,NA,56.12655793074365,X12a,D0,F,46506,Control,X12a_D0_F_Control,0,7.1,45
224,X12N45WD23,F,4.9,12,NA,56.12655793074365,X12a,D23,F,29333,Control,X12a_D23_F_Control,NA,7.1,45
259,X12N45XD30,NA,8.3,15.85,15.85,NA,X12a,D30,X,17693,Pos_control,X12a_D30_X_Pos_control,NA,7.549999999999999,52
227,X12N46FD30,F,9.8,20.75,20.75,NA,X12a,D30,F,34081,Bglu,X12a_D30_F_Bglu,NA,10.95,46
228,X12N46WD0,F,7,13.75,NA,46.28770271633908,X12a,D0,F,21611,Bglu,X12a_D0_F_Bglu,0,6.75,46
228,X12N46WD14,F,7,13.75,NA,46.28770271633908,X12a,D14,F,7880,Bglu,X12a_D14_F_Bglu,2,6.75,46
228,X12N46WD17,F,7,13.75,NA,46.28770271633908,X12a,D17,F,38073,Bglu,X12a_D17_F_Bglu,NA,6.75,46
228,X12N46WD23,F,7,13.75,NA,46.28770271633908,X12a,D23,F,15817,Bglu,X12a_D23_F_Bglu,NA,6.75,46
228,X12N46WD3,F,7,13.75,NA,46.28770271633908,X12a,D3,F,22382,Bglu,X12a_D3_F_Bglu,NA,6.75,46
228,X12N46WD9,F,7,13.75,NA,46.28770271633908,X12a,D9,F,39610,Bglu,X12a_D9_F_Bglu,NA,6.75,46
227,X12N46XD30,F,9.8,20.75,20.75,NA,X12a,D30,X,25660,Bglu,X12a_D30_X_Bglu,NA,10.95,46
234,X12N47FD30,M,6.55,14.9,14.9,NA,X12a,D30,F,37040,Pos_control,X12a_D30_F_Pos_control,NA,8.350000000000001,47
234,X12N47WD0,M,6.55,14.9,NA,NA,X12a,D0,F,48690,Pos_control,X12a_D0_F_Pos_control,NA,8.350000000000001,47
234,X12N47WD23,M,6.55,14.9,NA,NA,X12a,D23,F,17738,Pos_control,X12a_D23_F_Pos_control,NA,8.350000000000001,47
234,X12N47XD30,M,6.55,14.9,14.9,NA,X12a,D30,X,22290,Pos_control,X12a_D30_X_Pos_control,NA,8.350000000000001,47
239,X12N48FD30,M,5.5,15,15,NA,X12a,D30,F,37750,Bglu,X12a_D30_F_Bglu,NA,9.5,48
240,X12N48WD0,M,8.9,15.05,NA,42.34664271313419,X12a,D0,F,27553,Bglu,X12a_D0_F_Bglu,0,6.15,48
240,X12N48WD14,M,8.9,15.05,NA,42.34664271313419,X12a,D14,F,2812,Bglu,X12a_D14_F_Bglu,1.69897000433602,6.15,48
240,X12N48WD17,M,8.9,15.05,NA,42.34664271313419,X12a,D17,F,34850,Bglu,X12a_D17_F_Bglu,NA,6.15,48
240,X12N48WD23,M,8.9,15.05,NA,42.34664271313419,X12a,D23,F,31974,Bglu,X12a_D23_F_Bglu,NA,6.15,48
240,X12N48WD3,M,8.9,15.05,NA,42.34664271313419,X12a,D3,F,25023,Bglu,X12a_D3_F_Bglu,NA,6.15,48
240,X12N48WD9,M,8.9,15.05,NA,42.34664271313419,X12a,D9,F,29920,Bglu,X12a_D9_F_Bglu,NA,6.15,48
239,X12N48XD30,M,5.5,15,15,NA,X12a,D30,X,16292,Bglu,X12a_D30_X_Bglu,NA,9.5,48
242,X12N49FD30,NA,4.85,12.05,12.05,NA,X12a,D30,F,33055,RPS,X12a_D30_F_RPS,NA,7.200000000000001,49
244,X12N49WD0,F,6.75,15.9,NA,49.521825181113606,X12a,D0,F,44777,RPS,X12a_D0_F_RPS,0,9.15,49
244,X12N49WD23,F,6.75,15.9,NA,49.521825181113606,X12a,D23,F,14124,RPS,X12a_D23_F_RPS,NA,9.15,49
242,X12N49XD30,NA,4.85,12.05,12.05,NA,X12a,D30,X,17388,RPS,X12a_D30_X_RPS,NA,7.200000000000001,49
18,X12N4WD0,M,5.5,13.85,NA,NA,X12a,D0,F,31395,Phyto,X12a_D0_F_Phyto,NA,8.35,4
246,X12N50WD0,M,7.4,13.55,NA,NA,X12a,D0,F,16779,Malto,X12a_D0_F_Malto,NA,6.15,50
246,X12N50WD14,M,7.4,13.55,NA,NA,X12a,D14,F,19592,Malto,X12a_D14_F_Malto,NA,6.15,50
246,X12N50WD17,M,7.4,13.55,NA,NA,X12a,D17,F,3051,Malto,X12a_D17_F_Malto,NA,6.15,50
246,X12N50WD23,M,7.4,13.55,NA,NA,X12a,D23,F,21829,Malto,X12a_D23_F_Malto,NA,6.15,50
246,X12N50WD3,M,7.4,13.55,NA,NA,X12a,D3,F,36556,Malto,X12a_D3_F_Malto,NA,6.15,50
246,X12N50WD9,M,7.4,13.55,NA,NA,X12a,D9,F,31158,Malto,X12a_D9_F_Malto,NA,6.15,50
253,X12N51WD0,F,7.45,14.55,NA,42.785580060704284,X12a,D0,F,39686,Bglu,X12a_D0_F_Bglu,0,7.1000000000000005,51
252,X12N51XD30,M,4.7,13.3,13.3,NA,X12a,D30,X,16242,Bglu,X12a_D30_X_Bglu,NA,8.600000000000001,51
259,X12N52FD30,NA,8.3,15.85,15.85,NA,X12a,D30,F,27222,Pos_control,X12a_D30_F_Pos_control,NA,7.549999999999999,52
260,X12N52WD0,F,7.85,11.65,NA,NA,X12a,D0,F,41287,Pos_control,X12a_D0_F_Pos_control,NA,3.8000000000000007,52
260,X12N52WD23,F,7.85,11.65,NA,NA,X12a,D23,F,6430,Pos_control,X12a_D23_F_Pos_control,NA,3.8000000000000007,52
259,X12N52XD30,NA,8.3,15.85,15.85,NA,X12a,D30,X,21718,Pos_control,X12a_D30_X_Pos_control,NA,7.549999999999999,52
261,X12N53FD30,NA,5.75,15.85,15.85,NA,X12a,D30,F,37257,ZnCu,X12a_D30_F_ZnCu,NA,10.1,53
265,X12N53WD0,F,7.6,14.65,NA,56.065656991381104,X12a,D0,F,45446,ZnCu,X12a_D0_F_ZnCu,0,7.050000000000001,53
265,X12N53WD23,F,7.6,14.65,NA,56.065656991381104,X12a,D23,F,13812,ZnCu,X12a_D23_F_ZnCu,NA,7.050000000000001,53
261,X12N53XD30,NA,5.75,15.85,15.85,NA,X12a,D30,X,21711,ZnCu,X12a_D30_X_ZnCu,NA,10.1,53
268,X12N54WD0,M,4.3,12.2,NA,NA,X12a,D0,F,36244,SBP,X12a_D0_F_SBP,NA,7.8999999999999995,54
268,X12N54WD23,M,4.3,12.2,NA,NA,X12a,D23,F,33234,SBP,X12a_D23_F_SBP,NA,7.8999999999999995,54
275,X12N55WD0,F,5.45,13.9,NA,NA,X12a,D0,F,19684,Malto,X12a_D0_F_Malto,NA,8.45,55
275,X12N55WD23,F,5.45,13.9,NA,NA,X12a,D23,F,2580,Malto,X12a_D23_F_Malto,NA,8.45,55
279,X12N56WD0,M,7.8,12.6,NA,NA,X12a,D0,F,28793,Malto,X12a_D0_F_Malto,NA,4.8,56
279,X12N56WD23,M,7.8,12.6,NA,NA,X12a,D23,F,33830,Malto,X12a_D23_F_Malto,NA,4.8,56
284,X12N57FD30,M,8.1,16.15,16.15,NA,X12a,D30,F,33525,Pos_control,X12a_D30_F_Pos_control,NA,8.049999999999999,57
284,X12N57WD0,M,8.1,16.15,NA,NA,X12a,D0,F,36966,Pos_control,X12a_D0_F_Pos_control,NA,8.049999999999999,57
284,X12N57WD23,M,8.1,16.15,NA,NA,X12a,D23,F,26896,Pos_control,X12a_D23_F_Pos_control,NA,8.049999999999999,57
287,X12N58WD0,F,7.2,18.7,NA,NA,X12a,D0,F,45699,Phyto,X12a_D0_F_Phyto,NA,11.5,58
287,X12N58WD23,F,7.2,18.7,NA,NA,X12a,D23,F,3191,Phyto,X12a_D23_F_Phyto,NA,11.5,58
292,X12N59FD30,NA,8.45,16.9,16.9,NA,X12a,D30,F,29125,ZnCu,X12a_D30_F_ZnCu,NA,8.45,59
295,X12N59WD0,M,7.35,19.4,NA,42.83957629636828,X12a,D0,F,68184,ZnCu,X12a_D0_F_ZnCu,0,12.049999999999999,59
292,X12N59XD30,NA,8.45,16.9,16.9,NA,X12a,D30,X,27246,ZnCu,X12a_D30_X_ZnCu,NA,8.45,59
23,X12N5FD30,NA,4.8,10.55,10.55,NA,X12a,D30,F,25316,RCS,X12a_D30_F_RCS,NA,5.750000000000001,5
22,X12N5WD0,M,6.45,12.3,NA,43.086610056368265,X12a,D0,F,31171,RCS,X12a_D0_F_RCS,0,5.8500000000000005,5
22,X12N5WD23,M,6.45,12.3,NA,43.086610056368265,X12a,D23,F,13465,RCS,X12a_D23_F_RCS,NA,5.8500000000000005,5
23,X12N5XD30,NA,4.8,10.55,10.55,NA,X12a,D30,X,15983,RCS,X12a_D30_X_RCS,NA,5.750000000000001,5
296,X12N60WD0,F,6.1,15.05,NA,NA,X12a,D0,F,53777,Malto,X12a_D0_F_Malto,NA,8.950000000000001,60
296,X12N60WD23,F,6.1,15.05,NA,NA,X12a,D23,F,21237,Malto,X12a_D23_F_Malto,NA,8.950000000000001,60
304,X12N61WD0,F,7.1,15.9,NA,NA,X12a,D0,F,36107,SBP,X12a_D0_F_SBP,NA,8.8,61
304,X12N61WD23,F,7.1,15.9,NA,NA,X12a,D23,F,9752,SBP,X12a_D23_F_SBP,NA,8.8,61
306,X12N62WD0,M,7.64,14.65,NA,NA,X12a,D0,F,28495,Phyto,X12a_D0_F_Phyto,NA,7.010000000000001,62
306,X12N62WD23,M,7.64,14.65,NA,NA,X12a,D23,F,26944,Phyto,X12a_D23_F_Phyto,NA,7.010000000000001,62
315,X12N63FD30,NA,6.2,11.25,11.25,NA,X12a,D30,F,23106,Pos_control,X12a_D30_F_Pos_control,NA,5.05,63
314,X12N63WD0,F,6.7,16.85,NA,NA,X12a,D0,F,16536,Pos_control,X12a_D0_F_Pos_control,NA,10.150000000000002,63
314,X12N63WD23,F,6.7,16.85,NA,NA,X12a,D23,F,32589,Pos_control,X12a_D23_F_Pos_control,NA,10.150000000000002,63
315,X12N63XD30,NA,6.2,11.25,11.25,NA,X12a,D30,X,23356,Pos_control,X12a_D30_X_Pos_control,NA,5.05,63
317,X12N64WD0,M,6.95,11.25,NA,NA,X12a,D0,F,29074,Phyto,X12a_D0_F_Phyto,NA,4.3,64
317,X12N64WD0dup,M,6.95,11.25,NA,NA,X12a,D0,F,50817,Phyto,X12a_D0_F_Phyto,NA,4.3,64
317,X12N64WD23,M,6.95,11.25,NA,NA,X12a,D23,F,29437,Phyto,X12a_D23_F_Phyto,NA,4.3,64
325,X12N65FD30,NA,5.5,14.7,14.7,NA,X12a,D30,F,28279,RPS,X12a_D30_F_RPS,NA,9.2,65
321,X12N65WD0,M,6.7,15.2,NA,28.03300507154433,X12a,D0,F,8002,RPS,X12a_D0_F_RPS,0,8.5,65
321,X12N65WD23,M,6.7,15.2,NA,28.03300507154433,X12a,D23,F,41179,RPS,X12a_D23_F_RPS,NA,8.5,65
325,X12N65XD30,NA,5.5,14.7,14.7,NA,X12a,D30,X,9231,RPS,X12a_D30_X_RPS,NA,9.2,65
330,X12N66FD30,NA,7.5,15.55,15.55,NA,X12a,D30,F,27322,ZnCu,X12a_D30_F_ZnCu,NA,8.05,66
326,X12N66WD0,F,8.25,18.9,NA,47.54211450859135,X12a,D0,F,37386,ZnCu,X12a_D0_F_ZnCu,0,10.649999999999999,66
326,X12N66WD23,F,8.25,18.9,NA,47.54211450859135,X12a,D23,F,3126,ZnCu,X12a_D23_F_ZnCu,NA,10.649999999999999,66
330,X12N66XD30,NA,7.5,15.55,15.55,NA,X12a,D30,X,17611,ZnCu,X12a_D30_X_ZnCu,NA,8.05,66
335,X12N67WD0,M,7.05,16,NA,NA,X12a,D0,F,7267,Malto,X12a_D0_F_Malto,NA,8.95,67
335,X12N67WD23,M,7.05,16,NA,NA,X12a,D23,F,27650,Malto,X12a_D23_F_Malto,NA,8.95,67
336,X12N68FD30,F,5.6,12.65,12.65,NA,X12a,D30,F,28977,Control,X12a_D30_F_Control,NA,7.050000000000001,68
340,X12N68WD0,M,7.2,14.95,NA,NA,X12a,D0,F,33928,Control,X12a_D0_F_Control,NA,7.749999999999999,68
340,X12N68WD23,M,7.2,14.95,NA,NA,X12a,D23,F,23609,Control,X12a_D23_F_Control,NA,7.749999999999999,68
336,X12N68XD30,F,5.6,12.65,12.65,NA,X12a,D30,X,12286,Control,X12a_D30_X_Control,NA,7.050000000000001,68
344,X12N69FD30,M,7.5,12.45,12.45,NA,X12a,D30,F,25662,Control,X12a_D30_F_Control,NA,4.949999999999999,69
342,X12N69WD0,F,4.8,11.3,NA,NA,X12a,D0,F,29947,Control,X12a_D0_F_Control,NA,6.500000000000001,69
344,X12N69XD30,M,7.5,12.45,12.45,NA,X12a,D30,X,20222,Control,X12a_D30_X_Control,NA,4.949999999999999,69
28,X12N6FD30,NA,4.2,9.5,9.5,NA,X12a,D30,F,25793,Acid,X12a_D30_F_Acid,NA,5.3,6
26,X12N6WD0,M,5.4,11.05,NA,35.03300507154433,X12a,D0,F,13474,Acid,X12a_D0_F_Acid,0,5.65,6
26,X12N6WD23,M,5.4,11.05,NA,35.03300507154433,X12a,D23,F,30564,Acid,X12a_D23_F_Acid,NA,5.65,6
28,X12N6XD30,NA,4.2,9.5,9.5,NA,X12a,D30,X,17694,Acid,X12a_D30_X_Acid,NA,5.3,6
349,X12N70WD0,F,5.4,9.95,NA,NA,X12a,D0,F,28465,Acid,X12a_D0_F_Acid,NA,4.549999999999999,70
349,X12N70WD23,F,5.4,9.95,NA,NA,X12a,D23,F,28766,Acid,X12a_D23_F_Acid,NA,4.549999999999999,70
316,X12N70XD30,F,6.7,13.6,NA,NA,X12a,D30,X,16814,Phyto,X12a_D30_X_Phyto,NA,6.8999999999999995,64
353,X12N71FD30,NA,5.75,13.2,13.2,NA,X12a,D30,F,27904,RPS,X12a_D30_F_RPS,NA,7.449999999999999,71
354,X12N71WD0,F,6.65,14.75,NA,NA,X12a,D0,F,33360,RPS,X12a_D0_F_RPS,NA,8.1,71
353,X12N71XD30,NA,5.75,13.2,13.2,NA,X12a,D30,X,19416,RPS,X12a_D30_X_RPS,NA,7.449999999999999,71
360,X12N72FD30,M,6.15,17.25,17.25,NA,X12a,D30,F,34228,Pos_control,X12a_D30_F_Pos_control,NA,11.1,72
360,X12N72WD0,M,6.15,17.25,NA,NA,X12a,D0,F,41902,Pos_control,X12a_D0_F_Pos_control,NA,11.1,72
360,X12N72WD23,M,6.15,17.25,NA,NA,X12a,D23,F,17137,Pos_control,X12a_D23_F_Pos_control,NA,11.1,72
360,X12N72XD30,M,6.15,17.25,17.25,NA,X12a,D30,X,26485,Pos_control,X12a_D30_X_Pos_control,NA,11.1,72
362,X12N73FD30,NA,7.75,15.9,15.9,NA,X12a,D30,F,29143,Acid,X12a_D30_F_Acid,NA,8.15,73
361,X12N73WD0,M,5.65,9.55,NA,40.07710511625494,X12a,D0,F,32170,Acid,X12a_D0_F_Acid,0,3.9000000000000004,73
361,X12N73WD23,M,5.65,9.55,NA,40.07710511625494,X12a,D23,F,17886,Acid,X12a_D23_F_Acid,NA,3.9000000000000004,73
362,X12N73XD30,NA,7.75,15.9,15.9,NA,X12a,D30,X,26898,Acid,X12a_D30_X_Acid,NA,8.15,73
366,X12N74WD0,F,9,15,NA,NA,X12a,D0,F,46003,Malto,X12a_D0_F_Malto,NA,6,74
366,X12N74WD23,F,9,15,NA,NA,X12a,D23,F,13007,Malto,X12a_D23_F_Malto,NA,6,74
375,X12N75FD30,NA,4.65,11.25,11.25,NA,X12a,D30,F,38099,RPS,X12a_D30_F_RPS,NA,6.6,75
374,X12N75WD0,M,4.95,8.05,NA,NA,X12a,D0,F,41190,RPS,X12a_D0_F_RPS,NA,3.1000000000000005,75
374,X12N75WD23,M,4.95,8.05,NA,NA,X12a,D23,F,34248,RPS,X12a_D23_F_RPS,NA,3.1000000000000005,75
375,X12N75XD30,NA,4.65,11.25,11.25,NA,X12a,D30,X,13766,RPS,X12a_D30_X_RPS,NA,6.6,75
376,X12N76FD30,NA,7.05,13.1,13.1,NA,X12a,D30,F,23046,Acid,X12a_D30_F_Acid,NA,6.05,76
378,X12N76WD0,F,5.6,16.2,NA,33.9794000867204,X12a,D0,F,49835,Acid,X12a_D0_F_Acid,0,10.6,76
378,X12N76WD23,F,5.6,16.2,NA,33.9794000867204,X12a,D23,F,39703,Acid,X12a_D23_F_Acid,NA,10.6,76
376,X12N76XD30,NA,7.05,13.1,13.1,NA,X12a,D30,X,24715,Acid,X12a_D30_X_Acid,NA,6.05,76
382,X12N77WD0,M,5.9,13.45,NA,NA,X12a,D0,F,24823,Malto,X12a_D0_F_Malto,NA,7.549999999999999,77
382,X12N77WD0dup,M,5.9,13.45,NA,NA,X12a,D0,F,19486,Malto,X12a_D0_F_Malto,NA,7.549999999999999,77
382,X12N77WD23,M,5.9,13.45,NA,NA,X12a,D23,F,1925,Malto,X12a_D23_F_Malto,NA,7.549999999999999,77
388,X12N78WD0,NA,4.4,11.2,NA,NA,X12a,D0,F,60427,SBP,X12a_D0_F_SBP,NA,6.799999999999999,78
388,X12N78WD23,NA,4.4,11.2,NA,NA,X12a,D23,F,32954,SBP,X12a_D23_F_SBP,NA,6.799999999999999,78
394,X12N79FD30,NA,6.45,13.8,13.8,NA,X12a,D30,F,49649,RPS,X12a_D30_F_RPS,NA,7.3500000000000005,79
392,X12N79WD0,F,6.05,13,NA,19.640215041192192,X12a,D0,F,34402,RPS,X12a_D0_F_RPS,0,6.95,79
392,X12N79WD23,F,6.05,13,NA,19.640215041192192,X12a,D23,F,43673,RPS,X12a_D23_F_RPS,NA,6.95,79
394,X12N79XD30,NA,6.45,13.8,13.8,NA,X12a,D30,X,33222,RPS,X12a_D30_X_RPS,NA,7.3500000000000005,79
33,X12N7FD30,NA,4.5,9.45,9.45,NA,X12a,D30,F,40604,Pos_control,X12a_D30_F_Pos_control,NA,4.949999999999999,7
31,X12N7WD0,F,4.8,10.65,NA,NA,X12a,D0,F,14432,Pos_control,X12a_D0_F_Pos_control,NA,5.8500000000000005,7
31,X12N7WD23,F,4.8,10.65,NA,NA,X12a,D23,F,28847,Pos_control,X12a_D23_F_Pos_control,NA,5.8500000000000005,7
33,X12N7XD30,NA,4.5,9.45,9.45,NA,X12a,D30,X,23043,Pos_control,X12a_D30_X_Pos_control,NA,4.949999999999999,7
399,X12N80FD30,NA,6.7,16.85,16.85,NA,X12a,D30,F,29127,RCS,X12a_D30_F_RCS,NA,10.150000000000002,80
397,X12N80WD0,F,8.15,17.6,NA,43.72775619766973,X12a,D0,F,16348,RCS,X12a_D0_F_RCS,0,9.450000000000001,80
397,X12N80WD23,F,8.15,17.6,NA,43.72775619766973,X12a,D23,F,20196,RCS,X12a_D23_F_RCS,NA,9.450000000000001,80
399,X12N80XD30,NA,6.7,16.85,16.85,NA,X12a,D30,X,14739,RCS,X12a_D30_X_RCS,NA,10.150000000000002,80
402,X12N81WD0,F,4.15,11.05,NA,NA,X12a,D0,F,59007,SBP,X12a_D0_F_SBP,NA,6.9,81
402,X12N81WD23,F,4.15,11.05,NA,NA,X12a,D23,F,13032,SBP,X12a_D23_F_SBP,NA,6.9,81
407,X12N82WD0,M,7.8,16.8,NA,NA,X12a,D0,F,55545,SBP,X12a_D0_F_SBP,NA,9,82
407,X12N82WD23,M,7.8,16.8,NA,NA,X12a,D23,F,6311,SBP,X12a_D23_F_SBP,NA,9,82
413,X12N83FD30,NA,7.35,14.7,14.7,NA,X12a,D30,F,40097,Pos_control,X12a_D30_F_Pos_control,NA,7.35,83
415,X12N83WD0,F,7.65,15.1,NA,NA,X12a,D0,F,40036,Pos_control,X12a_D0_F_Pos_control,NA,7.449999999999999,83
415,X12N83WD23,F,7.65,15.1,NA,NA,X12a,D23,F,37073,Pos_control,X12a_D23_F_Pos_control,NA,7.449999999999999,83
413,X12N83XD30,NA,7.35,14.7,14.7,NA,X12a,D30,X,22986,Pos_control,X12a_D30_X_Pos_control,NA,7.35,83
416,X12N84FD30,NA,5.1,14.95,14.95,NA,X12a,D30,F,18176,Control,X12a_D30_F_Control,NA,9.85,84
417,X12N84WD0,M,5.7,13.05,NA,NA,X12a,D0,F,62759,Control,X12a_D0_F_Control,NA,7.3500000000000005,84
416,X12N84XD30,NA,5.1,14.95,14.95,NA,X12a,D30,X,22397,Control,X12a_D30_X_Control,NA,9.85,84
425,X12N85FD30,NA,5.5,12.45,12.45,NA,X12a,D30,F,32624,ZnCu,X12a_D30_F_ZnCu,NA,6.949999999999999,85
422,X12N85WD0,M,5.8,16.35,NA,42.14830758902224,X12a,D0,F,39694,ZnCu,X12a_D0_F_ZnCu,0,10.55,85
425,X12N85XD30,NA,5.5,12.45,12.45,NA,X12a,D30,X,19418,ZnCu,X12a_D30_X_ZnCu,NA,6.949999999999999,85
427,X12N86FD30,NA,7.5,15.85,15.85,NA,X12a,D30,F,21143,Acid,X12a_D30_F_Acid,NA,8.35,86
426,X12N86WD0,M,8.05,17.1,NA,33.45154499349597,X12a,D0,F,19687,Acid,X12a_D0_F_Acid,0,9.05,86
427,X12N86XD30,NA,7.5,15.85,15.85,NA,X12a,D30,X,19511,Acid,X12a_D30_X_Acid,NA,8.35,86
435,X12N87FD30,NA,6.95,17.95,17.95,NA,X12a,D30,F,11730,ZnCu,X12a_D30_F_ZnCu,NA,11,87
432,X12N87WD0,F,7.5,14.75,NA,39.22682509756045,X12a,D0,F,30745,ZnCu,X12a_D0_F_ZnCu,0,7.25,87
432,X12N87WD23,F,7.5,14.75,NA,39.22682509756045,X12a,D23,F,24085,ZnCu,X12a_D23_F_ZnCu,NA,7.25,87
435,X12N87XD30,NA,6.95,17.95,17.95,NA,X12a,D30,X,17091,ZnCu,X12a_D30_X_ZnCu,NA,11,87
436,X12N88WD0,F,6.1,11.75,NA,NA,X12a,D0,F,55443,SBP,X12a_D0_F_SBP,NA,5.65,88
436,X12N88WD23,F,6.1,11.75,NA,NA,X12a,D23,F,3348,SBP,X12a_D23_F_SBP,NA,5.65,88
443,X12N89WD0,M,6.8,14.85,NA,NA,X12a,D0,F,43692,Pos_control,X12a_D0_F_Pos_control,NA,8.05,89
443,X12N89WD23,M,6.8,14.85,NA,NA,X12a,D23,F,39348,Pos_control,X12a_D23_F_Pos_control,NA,8.05,89
443,X12N89XD30,M,6.8,14.85,14.85,NA,X12a,D30,X,13167,Pos_control,X12a_D30_X_Pos_control,NA,8.05,89
39,X12N8WD0,F,5,9.75,NA,NA,X12a,D0,F,8436,Phyto,X12a_D0_F_Phyto,NA,4.75,8
39,X12N8WD23,F,5,9.75,NA,NA,X12a,D23,F,15472,Phyto,X12a_D23_F_Phyto,NA,4.75,8
446,X12N90FD30,NA,6.15,17.6,17.6,NA,X12a,D30,F,32651,ZnCu,X12a_D30_F_ZnCu,NA,11.450000000000001,90
450,X12N90WD0,M,5.15,13.25,NA,33.9794000867204,X12a,D0,F,52994,ZnCu,X12a_D0_F_ZnCu,0,8.1,90
450,X12N90WD23,M,5.15,13.25,NA,33.9794000867204,X12a,D23,F,26529,ZnCu,X12a_D23_F_ZnCu,NA,8.1,90
446,X12N90XD30,NA,6.15,17.6,17.6,NA,X12a,D30,X,18429,ZnCu,X12a_D30_X_ZnCu,NA,11.450000000000001,90
452,X12N91FD30,NA,5.15,9.55,9.55,NA,X12a,D30,F,23278,RCS,X12a_D30_F_RCS,NA,4.4,91
453,X12N91WD0,M,5.95,17.3,NA,39.285580060704284,X12a,D0,F,50442,RCS,X12a_D0_F_RCS,0,11.350000000000001,91
453,X12N91WD23,M,5.95,17.3,NA,39.285580060704284,X12a,D23,F,28834,RCS,X12a_D23_F_RCS,NA,11.350000000000001,91
452,X12N91XD30,NA,5.15,9.55,9.55,NA,X12a,D30,X,30554,RCS,X12a_D30_X_RCS,NA,4.4,91
456,X12N92FD30,M,8.2,19.35,19.35,NA,X12a,D30,F,21271,Control,X12a_D30_F_Control,NA,11.150000000000002,92
458,X12N92WD0,F,6.8,12.65,NA,41.46695257709693,X12a,D0,F,40430,Control,X12a_D0_F_Control,0,5.8500000000000005,92
456,X12N92XD30,M,8.2,19.35,19.35,NA,X12a,D30,X,16824,Control,X12a_D30_X_Control,NA,11.150000000000002,92
465,X12N93FD30,F,5.7,13.1,13.1,NA,X12a,D30,F,18500,Bglu,X12a_D30_F_Bglu,NA,7.3999999999999995,93
461,X12N93WD0,M,4.9,11.95,NA,30.892790030352142,X12a,D0,F,45647,Bglu,X12a_D0_F_Bglu,0,7.049999999999999,93
461,X12N93WD14,M,4.9,11.95,NA,30.892790030352142,X12a,D14,F,2462,Bglu,X12a_D14_F_Bglu,1.69897000433602,7.049999999999999,93
461,X12N93WD17,M,4.9,11.95,NA,30.892790030352142,X12a,D17,F,2727,Bglu,X12a_D17_F_Bglu,NA,7.049999999999999,93
461,X12N93WD23,M,4.9,11.95,NA,30.892790030352142,X12a,D23,F,43741,Bglu,X12a_D23_F_Bglu,NA,7.049999999999999,93
461,X12N93WD3,M,4.9,11.95,NA,30.892790030352142,X12a,D3,F,36047,Bglu,X12a_D3_F_Bglu,NA,7.049999999999999,93
461,X12N93WD9,M,4.9,11.95,NA,30.892790030352142,X12a,D9,F,36990,Bglu,X12a_D9_F_Bglu,NA,7.049999999999999,93
465,X12N93XD30,F,5.7,13.1,13.1,NA,X12a,D30,X,17856,Bglu,X12a_D30_X_Bglu,NA,7.3999999999999995,93
468,X12N94FD30,NA,6.25,19.6,19.6,37.99084821159424,X12a,D30,F,30377,RCS,X12a_D30_F_RCS,NA,13.350000000000001,94
469,X12N94WD0,F,7,13.7,NA,37.99084821159424,X12a,D0,F,48620,RCS,X12a_D0_F_RCS,0,6.699999999999999,94
473,X12N95FD30,NA,4.45,10.85,10.85,NA,X12a,D30,F,25808,ZnCu,X12a_D30_F_ZnCu,NA,6.3999999999999995,95
472,X12N95WD0,F,5.7,15.45,NA,42.355783148721954,X12a,D0,F,30845,ZnCu,X12a_D0_F_ZnCu,0,9.75,95
473,X12N95XD30,NA,4.45,10.85,10.85,NA,X12a,D30,X,24870,ZnCu,X12a_D30_X_ZnCu,NA,6.3999999999999995,95
478,X12N96WD0,F,5.25,12.15,NA,NA,X12a,D0,F,23713,Malto,X12a_D0_F_Malto,NA,6.9,96
45,X12N9FD30,NA,7.95,16.7,16.7,NA,X12a,D30,F,15868,RCS,X12a_D30_F_RCS,NA,8.75,9
43,X12N9WD0,F,6.9,13.45,NA,32.565656991381104,X12a,D0,F,20693,RCS,X12a_D0_F_RCS,0,6.549999999999999,9
43,X12N9WD23,F,6.9,13.45,NA,32.565656991381104,X12a,D23,F,32735,RCS,X12a_D23_F_RCS,NA,6.549999999999999,9
45,X12N9XD30,NA,7.95,16.7,16.7,NA,X12a,D30,X,24685,RCS,X12a_D30_X_RCS,NA,8.75,9
119,X12P119XD50,M,7.15,15.6,NA,33.9794000867204,X12b,D21,X,19009,RCS,X12b_D21_X_RCS,1.30102999566398,8.45,24
121,X12P121WD23,NA,6.75,12.95,NA,NA,X12a,D23,F,3608,Control,X12a_D23_F_Control,NA,6.199999999999999,25
122,X12P122iD50,M,7.3,17.3,NA,59.04973393943041,X12b,D21,I,11316,Control,X12b_D21_I_Control,1.30102999566398,10,25
125,X12P125WD23,F,7.5,15.25,NA,NA,X12a,D23,F,30981,Control,X12a_D23_F_Control,NA,7.75,25
126,X12P126iD50,NA,5.25,12.05,NA,48.356596169294846,X12b,D21,I,17876,Acid,X12b_D21_I_Acid,0,6.800000000000001,26
126,X12P126XD50,NA,5.25,12.05,NA,48.356596169294846,X12b,D21,X,34631,Acid,X12b_D21_X_Acid,0,6.800000000000001,26
138,X12P138iD50,M,6.75,12.2,NA,33.9794000867204,X12b,D21,I,8559,RCS,X12b_D21_I_RCS,0,5.449999999999999,28
138,X12P138XD50,M,6.75,12.2,NA,33.9794000867204,X12b,D21,X,20337,RCS,X12b_D21_X_RCS,0,5.449999999999999,28
141,X12P141iD50,NA,5.4,11.8,NA,38.36153958343914,X12b,D21,I,7144,Bglu,X12b_D21_I_Bglu,0,6.4,29
141,X12P141XD50,NA,5.4,11.8,NA,38.36153958343914,X12b,D21,X,41338,Bglu,X12b_D21_X_Bglu,0,6.4,29
144,X12P144iD50,M,7.75,15.5,NA,31.679033828565835,X12b,D21,I,6799,Bglu,X12b_D21_I_Bglu,0,7.75,29
144,X12P144XD50,M,7.75,15.5,NA,31.679033828565835,X12b,D21,X,21113,Bglu,X12b_D21_X_Bglu,0,7.75,29
152,X12P152iD50,F,6.35,14.8,NA,48.55017845530783,X12b,D21,I,10538,Acid,X12b_D21_I_Acid,0,8.450000000000001,31
152,X12P152XD50,F,6.35,14.8,NA,48.55017845530783,X12b,D21,X,32839,Acid,X12b_D21_X_Acid,0,8.450000000000001,31
157,X12P157WD23,NA,6.1,14,NA,NA,X12a,D23,F,2398,Control,X12a_D23_F_Control,NA,7.9,32
159,X12P159WD23,NA,9.55,19.9,NA,NA,X12a,D23,F,10709,Control,X12a_D23_F_Control,NA,10.349999999999998,32
160,X12P160iD50,F,5.15,13.85,NA,44.969631425385394,X12b,D21,I,7424,Control,X12b_D21_I_Control,1.30102999566398,8.7,32
160,X12P160WD23,F,5.15,13.85,NA,44.969631425385394,X12a,D23,F,46247,Control,X12a_D23_F_Control,NA,8.7,32
175,X12P175XD50,F,7.45,15.05,NA,39.58661005636826,X12b,D21,X,40663,RCS,X12b_D21_X_RCS,0,7.6000000000000005,35
178,X12P178iD50,F,7.15,17,NA,35.785580060704284,X12b,D21,I,11994,Acid,X12b_D21_I_Acid,0,9.85,36
178,X12P178XD50,F,7.15,17,NA,35.785580060704284,X12b,D21,X,29260,Acid,X12b_D21_X_Acid,0,9.85,36
181,X12P181iD50,M,7.2,17.5,NA,23.785580060704284,X12b,D21,I,7814,RPS,X12b_D21_I_RPS,2.25527250510331,10.3,37
191,X12P191iD50,M,8.6,14.75,NA,38.743423200754194,X12b,D21,I,12482,Control,X12b_D21_I_Control,0,6.15,39
191,X12P191WD23,M,8.6,14.75,NA,38.743423200754194,X12a,D23,F,40818,Control,X12a_D23_F_Control,NA,6.15,39
192,X12P192WD23,NA,6.45,12.65,NA,NA,X12a,D23,F,24366,Control,X12a_D23_F_Control,NA,6.2,39
193,X12P193WD23,NA,9.65,17.25,NA,NA,X12a,D23,F,9916,Control,X12a_D23_F_Control,NA,7.6,39
195,X12P195WD23,NA,7.9,15.85,NA,NA,X12a,D23,F,20254,Control,X12a_D23_F_Control,NA,7.949999999999999,39
198,X12P198iD50,M,6.5,12.15,NA,53.76049390661423,X12b,D21,I,11841,RCS,X12b_D21_I_RCS,0,5.65,40
198,X12P198XD50,M,6.5,12.15,NA,53.76049390661423,X12b,D21,X,25334,RCS,X12b_D21_X_RCS,0,5.65,40
211,X12P211iD50,M,6.15,13.9,NA,30.892790030352142,X12b,D21,I,3929,Acid,X12b_D21_I_Acid,0,7.75,43
211,X12P211XD50,M,6.15,13.9,NA,30.892790030352142,X12b,D21,X,16949,Acid,X12b_D21_X_Acid,0,7.75,43
219,X12P219iD50,M,6.15,12.5,NA,64.27066004039568,X12b,D21,I,3311,ZnCu,X12b_D21_I_ZnCu,1.30102999566398,6.35,44
219,X12P219XD50,M,6.15,12.5,NA,64.27066004039568,X12b,D21,X,20634,ZnCu,X12b_D21_X_ZnCu,1.30102999566398,6.35,44
221,X12P221WD23,NA,5.65,12.75,NA,NA,X12a,D23,F,38848,Control,X12a_D23_F_Control,NA,7.1,45
222,X12P222WD23,NA,7.05,16.8,NA,NA,X12a,D23,F,22066,Control,X12a_D23_F_Control,NA,9.75,45
223,X12P223WD23,NA,5.35,13.65,NA,NA,X12a,D23,F,34464,Control,X12a_D23_F_Control,NA,8.3,45
224,X12P224iD50,F,4.9,12,NA,56.12655793074365,X12b,D21,I,13525,Control,X12b_D21_I_Control,0,7.1,45
224,X12P224WD23,F,4.9,12,NA,56.12655793074365,X12a,D23,F,47071,Control,X12a_D23_F_Control,NA,7.1,45
225,X12P225WD23,NA,5,12.45,NA,NA,X12a,D23,F,28151,Control,X12a_D23_F_Control,NA,7.449999999999999,45
226,X12P226iD50,NA,5.9,10.65,NA,36.842127615038365,X12b,D21,I,7766,Bglu,X12b_D21_I_Bglu,0,4.75,46
228,X12P228iD50,F,7,13.75,NA,46.28770271633908,X12b,D21,I,4398,Bglu,X12b_D21_I_Bglu,0,6.75,46
228,X12P228XD50,F,7,13.75,NA,46.28770271633908,X12b,D21,X,16326,Bglu,X12b_D21_X_Bglu,2.41497334797082,6.75,46
22,X12P22iD50,M,6.45,12.3,NA,43.086610056368265,X12b,D21,I,9869,RCS,X12b_D21_I_RCS,0,5.8500000000000005,5
22,X12P22XD50,M,6.45,12.3,NA,43.086610056368265,X12b,D21,X,10857,RCS,X12b_D21_X_RCS,0,5.8500000000000005,5
237,X12P237iD50,NA,5.75,16,NA,32.58661005636826,X12b,D21,I,22268,Bglu,X12b_D21_I_Bglu,1.30102999566398,10.25,48
237,X12P237XD50,NA,5.75,16,NA,32.58661005636826,X12b,D21,X,7570,Bglu,X12b_D21_X_Bglu,1.30102999566398,10.25,48
240,X12P240XD50,M,8.9,15.05,NA,42.34664271313419,X12b,D21,X,23491,Bglu,X12b_D21_X_Bglu,0,6.15,48
244,X12P244iD50,F,6.75,15.9,NA,49.521825181113606,X12b,D21,I,12275,RPS,X12b_D21_I_RPS,0,9.15,49
253,X12P253iD50,F,7.45,14.55,NA,42.785580060704284,X12b,D21,I,15997,Bglu,X12b_D21_I_Bglu,0,7.1000000000000005,51
253,X12P253XD50,F,7.45,14.55,NA,42.785580060704284,X12b,D21,X,7514,Bglu,X12b_D21_X_Bglu,0,7.1000000000000005,51
265,X12P265iD50,F,7.6,14.65,NA,56.065656991381104,X12b,D21,I,8766,ZnCu,X12b_D21_I_ZnCu,1.30102999566398,7.050000000000001,53
265,X12P265XD50,F,7.6,14.65,NA,56.065656991381104,X12b,D21,X,12957,ZnCu,X12b_D21_X_ZnCu,1.60205999132796,7.050000000000001,53
26,X12P26iD50,M,5.4,11.05,NA,35.03300507154433,X12b,D21,I,7612,Acid,X12b_D21_I_Acid,0,5.65,6
26,X12P26XD50,M,5.4,11.05,NA,35.03300507154433,X12b,D21,X,26672,Acid,X12b_D21_X_Acid,0,5.65,6
295,X12P295iD50,M,7.35,19.4,NA,42.83957629636828,X12b,D21,I,9751,ZnCu,X12b_D21_I_ZnCu,0,12.049999999999999,59
295,X12P295XD50,M,7.35,19.4,NA,42.83957629636828,X12b,D21,X,13584,ZnCu,X12b_D21_X_ZnCu,0,12.049999999999999,59
326,X12P326iD50,F,8.25,18.9,NA,47.54211450859135,X12b,D21,I,15189,ZnCu,X12b_D21_I_ZnCu,0,10.649999999999999,66
326,X12P326XD50,F,8.25,18.9,NA,47.54211450859135,X12b,D21,X,22500,ZnCu,X12b_D21_X_ZnCu,1.30102999566398,10.649999999999999,66
336,X12P336WD23,F,5.6,12.65,NA,NA,X12a,D23,F,36616,Control,X12a_D23_F_Control,NA,7.050000000000001,68
337,X12P337iD50,NA,6.45,14.75,NA,66.20657193070778,X12b,D21,I,11849,Control,X12b_D21_I_Control,0,8.3,68
337,X12P337WD23,NA,6.45,14.75,NA,66.20657193070778,X12a,D23,F,26091,Control,X12a_D23_F_Control,NA,8.3,68
338,X12P338WD23,NA,NA,NA,NA,NA,X12a,D23,F,40378,Control,X12a_D23_F_Control,NA,NA,68
339,X12P339WD23,NA,4.6,13.1,NA,NA,X12a,D23,F,11691,Control,X12a_D23_F_Control,NA,8.5,68
340,X12P340WD23,M,7.2,14.95,NA,NA,X12a,D23,F,11809,Control,X12a_D23_F_Control,NA,7.749999999999999,68
342,X12P342WD23,F,4.8,11.3,NA,NA,X12a,D23,F,2817,Control,X12a_D23_F_Control,NA,6.500000000000001,69
343,X12P343WD23,NA,5.35,14,NA,NA,X12a,D23,F,13978,Control,X12a_D23_F_Control,NA,8.65,69
344,X12P344WD23,M,7.5,12.45,NA,NA,X12a,D23,F,11430,Control,X12a_D23_F_Control,NA,4.949999999999999,69
345,X12P345WD23,NA,6.6,16.45,NA,32.79702818557812,X12a,D23,F,13222,Control,X12a_D23_F_Control,NA,9.85,69
348,X12P348iD50,NA,5.95,14.7,NA,58.53921003821371,X12b,D21,I,4308,Acid,X12b_D21_I_Acid,0,8.75,70
348,X12P348XD50,NA,5.95,14.7,NA,58.53921003821371,X12b,D21,X,11333,Acid,X12b_D21_X_Acid,1.30102999566398,8.75,70
355,X12P355iD50,NA,6.05,14.35,NA,37.4794000867204,X12b,D21,I,2466,RPS,X12b_D21_I_RPS,0,8.3,71
361,X12P361iD50,M,5.65,9.55,NA,40.07710511625494,X12b,D21,I,9823,Acid,X12b_D21_I_Acid,0,3.9000000000000004,73
361,X12P361XD50,M,5.65,9.55,NA,40.07710511625494,X12b,D21,X,21327,Acid,X12b_D21_X_Acid,0,3.9000000000000004,73
373,X12P373iD50,NA,5.05,16.2,NA,29.086610056368258,X12b,D21,I,14156,RPS,X12b_D21_I_RPS,0,11.149999999999999,75
378,X12P378iD50,F,5.6,16.2,NA,33.9794000867204,X12b,D21,I,2796,Acid,X12b_D21_I_Acid,0,10.6,76
378,X12P378XD50,F,5.6,16.2,NA,33.9794000867204,X12b,D21,X,29285,Acid,X12b_D21_X_Acid,0,10.6,76
392,X12P392iD50,F,6.05,13,NA,19.640215041192192,X12b,D21,I,13223,RPS,X12b_D21_I_RPS,0,6.95,79
397,X12P397iD50,F,8.15,17.6,NA,43.72775619766973,X12b,D21,I,5749,RCS,X12b_D21_I_RCS,0,9.450000000000001,80
397,X12P397XD50,F,8.15,17.6,NA,43.72775619766973,X12b,D21,X,29771,RCS,X12b_D21_X_RCS,0,9.450000000000001,80
416,X12P416WD23,NA,5.1,14.95,NA,NA,X12a,D23,F,15111,Control,X12a_D23_F_Control,NA,9.85,84
417,X12P417WD23,M,5.7,13.05,NA,NA,X12a,D23,F,21667,Control,X12a_D23_F_Control,NA,7.3500000000000005,84
418,X12P418WD23,NA,5.6,11.3,NA,NA,X12a,D23,F,17075,Control,X12a_D23_F_Control,NA,5.700000000000001,84
419,X12P419iD50,NA,6.1,14.15,NA,51.98984008782492,X12b,D21,I,7943,Control,X12b_D21_I_Control,0,8.05,84
419,X12P419WD23,NA,6.1,14.15,NA,51.98984008782492,X12a,D23,F,35629,Control,X12a_D23_F_Control,NA,8.05,84
420,X12P420WD23,NA,4.9,12,NA,NA,X12a,D23,F,37000,Control,X12a_D23_F_Control,NA,7.1,84
422,X12P422iD50,M,5.8,16.35,NA,42.14830758902224,X12b,D21,I,5906,ZnCu,X12b_D21_I_ZnCu,0,10.55,85
422,X12P422XD50,M,5.8,16.35,NA,42.14830758902224,X12b,D21,X,29443,ZnCu,X12b_D21_X_ZnCu,0,10.55,85
426,X12P426iD50,M,8.05,17.1,NA,33.45154499349597,X12b,D21,I,13672,Acid,X12b_D21_I_Acid,0,9.05,86
426,X12P426XD50,M,8.05,17.1,NA,33.45154499349597,X12b,D21,X,29821,Acid,X12b_D21_X_Acid,1.30102999566398,9.05,86
432,X12P432iD50,F,7.5,14.75,NA,39.22682509756045,X12b,D21,I,5093,ZnCu,X12b_D21_I_ZnCu,0,7.25,87
432,X12P432XD50,F,7.5,14.75,NA,39.22682509756045,X12b,D21,X,21842,ZnCu,X12b_D21_X_ZnCu,0,7.25,87
43,X12P43iD50,F,6.9,13.45,NA,32.565656991381104,X12b,D21,I,7165,RCS,X12b_D21_I_RCS,0,6.549999999999999,9
43,X12P43XD50,F,6.9,13.45,NA,32.565656991381104,X12b,D21,X,11464,RCS,X12b_D21_X_RCS,1.30102999566398,6.549999999999999,9
450,X12P450iD50,M,5.15,13.25,NA,33.9794000867204,X12b,D21,I,5545,ZnCu,X12b_D21_I_ZnCu,0,8.1,90
450,X12P450XD50,M,5.15,13.25,NA,33.9794000867204,X12b,D21,X,25919,ZnCu,X12b_D21_X_ZnCu,0,8.1,90
453,X12P453iD50,M,5.95,17.3,NA,39.285580060704284,X12b,D21,I,3645,RCS,X12b_D21_I_RCS,0,11.350000000000001,91
453,X12P453XD50,M,5.95,17.3,NA,39.285580060704284,X12b,D21,X,34714,RCS,X12b_D21_X_RCS,0,11.350000000000001,91
456,X12P456WD23,M,8.2,19.35,NA,NA,X12a,D23,F,3546,Control,X12a_D23_F_Control,NA,11.150000000000002,92
457,X12P457WD23,NA,6.15,9.85,NA,NA,X12a,D23,F,6438,Control,X12a_D23_F_Control,NA,3.6999999999999993,92
458,X12P458iD50,F,6.8,12.65,NA,41.46695257709693,X12b,D21,I,24193,Control,X12b_D21_I_Control,1.30102999566398,5.8500000000000005,92
458,X12P458WD23,F,6.8,12.65,NA,41.46695257709693,X12a,D23,F,36525,Control,X12a_D23_F_Control,NA,5.8500000000000005,92
459,X12P459WD23,NA,7.05,15.6,NA,NA,X12a,D23,F,11211,Control,X12a_D23_F_Control,NA,8.55,92
460,X12P460WD23,NA,6.5,15,NA,NA,X12a,D23,F,6676,Control,X12a_D23_F_Control,NA,8.5,92
461,X12P461iD50,M,4.9,11.95,NA,30.892790030352142,X12b,D21,I,6736,Bglu,X12b_D21_I_Bglu,0,7.049999999999999,93
461,X12P461XD50,M,4.9,11.95,NA,30.892790030352142,X12b,D21,X,29449,Bglu,X12b_D21_X_Bglu,0,7.049999999999999,93
469,X12P469iD50,F,7,13.7,NA,37.99084821159424,X12b,D21,I,14035,RCS,X12b_D21_I_RCS,0,6.699999999999999,94
469,X12P469XD50,F,7,13.7,NA,37.99084821159424,X12b,D21,X,21372,RCS,X12b_D21_X_RCS,1.60205999132796,6.699999999999999,94
472,X12P472iD50,F,5.7,15.45,NA,42.355783148721954,X12b,D21,I,4611,ZnCu,X12b_D21_I_ZnCu,0,9.75,95
472,X12P472XD50,F,5.7,15.45,NA,42.355783148721954,X12b,D21,X,15360,ZnCu,X12b_D21_X_ZnCu,1.30102999566398,9.75,95
50,X12P50iD50,NA,7.85,14.75,NA,39.67801693934886,X12b,D21,I,12517,RPS,X12b_D21_I_RPS,0,6.9,10
52,X12P52iD50,F,7.1,17.5,NA,33.9794000867204,X12b,D21,I,5155,Acid,X12b_D21_I_Acid,2.20411998265593,10.4,11
52,X12P52XD50,F,7.1,17.5,NA,33.9794000867204,X12b,D21,X,23465,Acid,X12b_D21_X_Acid,0,10.4,11
65,X12P65iD50,F,6.35,15.2,NA,40.758460128180246,X12b,D21,I,3232,RCS,X12b_D21_I_RCS,0,8.85,13
65,X12P65XD50,F,6.35,15.2,NA,40.758460128180246,X12b,D21,X,20478,RCS,X12b_D21_X_RCS,0,8.85,13
6,X12P6iD50,F,4.9,14.55,NA,46.56364552198028,X12b,D21,I,13633,Bglu,X12b_D21_I_Bglu,0,9.65,2
6,X12P6XD50,F,4.9,14.55,NA,46.56364552198028,X12b,D21,X,12409,Bglu,X12b_D21_X_Bglu,1.77815125038364,9.65,2
74,X12P74iD50,M,6.6,13.75,NA,45.29280930736749,X12b,D21,I,19587,ZnCu,X12b_D21_I_ZnCu,2,7.15,15
74,X12P74XD50,M,6.6,13.75,NA,45.29280930736749,X12b,D21,X,15685,ZnCu,X12b_D21_X_ZnCu,1.77815125038364,7.15,15
76,X12P76WD23,NA,7.4,12.9,NA,NA,X12a,D23,F,3220,Control,X12a_D23_F_Control,NA,5.5,16
77,X12P77WD23,F,5.35,11.6,NA,37.140215041192185,X12a,D23,F,28770,Control,X12a_D23_F_Control,NA,6.25,16
78,X12P78WD23,M,6.9,15.55,NA,NA,X12a,D23,F,14531,Control,X12a_D23_F_Control,NA,8.65,16
80,X12P80WD23,NA,4.55,13.05,NA,NA,X12a,D23,F,4820,Control,X12a_D23_F_Control,NA,8.5,16
83,X12P83iD50,F,8,22.6,NA,64.74016983089523,X12b,D21,I,14532,ZnCu,X12b_D21_I_ZnCu,0,14.600000000000001,17
83,X12P83XD50,F,8,22.6,NA,64.74016983089523,X12b,D21,X,13056,ZnCu,X12b_D21_X_ZnCu,1.30102999566398,14.600000000000001,17
87,X12P87iD50,M,6.65,12.35,NA,43.88072767279656,X12b,D21,I,2920,Control,X12b_D21_I_Control,0,5.699999999999999,18
87,X12P87WD23,M,6.65,12.35,NA,43.88072767279656,X12a,D23,F,64957,Control,X12a_D23_F_Control,NA,5.699999999999999,18
88,X12P88WD23,NA,4.8,12.45,NA,NA,X12a,D23,F,23797,Control,X12a_D23_F_Control,NA,7.6499999999999995,18
89,X12P89WD23,NA,4.7,9.45,NA,NA,X12a,D23,F,13111,Control,X12a_D23_F_Control,NA,4.749999999999999,18
8,X12P8iD50,NA,6.15,15.8,NA,32.28043008238438,X12b,D21,I,4715,Bglu,X12b_D21_I_Bglu,0,9.65,2
8,X12P8XD50,NA,6.15,15.8,NA,32.28043008238438,X12b,D21,X,21671,Bglu,X12b_D21_X_Bglu,0,9.65,2
93,X12P93iD50,M,5.6,13.95,NA,43.80102999566398,X12b,D21,I,5205,RPS,X12b_D21_I_RPS,0,8.35,19
97,X12P97iD50,NA,4.25,11.65,NA,0,X12b,D21,I,11047,RPS,X12b_D21_I_RPS,0,7.4,20
